#
# A fatal error has been detected by the Java Runtime Environment:
#
#  EXCEPTION_ACCESS_VIOLATION (0xc0000005) at pc=0x00007ffb06cc4c09, pid=13228, tid=16192
#
# JRE version: Java(TM) SE Runtime Environment (17.0.12+8) (build 17.0.12+8-LTS-286)
# Java VM: Java HotSpot(TM) 64-Bit Server VM (17.0.12+8-LTS-286, mixed mode, sharing, tiered, compressed oops, compressed class ptrs, g1 gc, windows-amd64)
# Problematic frame:
# V  [jvm.dll+0x304c09]
#
# No core dump will be written. Minidumps are not enabled by default on client versions of Windows
#
# If you would like to submit a bug report, please visit:
#   https://bugreport.java.com/bugreport/crash.jsp
#

---------------  S U M M A R Y ------------

Command Line: --add-opens=java.base/java.util=ALL-UNNAMED --add-opens=java.base/java.lang=ALL-UNNAMED --add-opens=java.base/java.lang.invoke=ALL-UNNAMED --add-opens=java.prefs/java.util.prefs=ALL-UNNAMED --add-opens=java.base/java.nio.charset=ALL-UNNAMED --add-opens=java.base/java.net=ALL-UNNAMED --add-opens=java.base/java.util.concurrent.atomic=ALL-UNNAMED -Xmx4G -Dfile.encoding=UTF-8 -Duser.country=RU -Duser.language=ru -Duser.variant -javaagent:C:\Users\YouTube\.gradle\wrapper\dists\gradle-8.8-bin\dl7vupf4psengwqhwktix4v1\gradle-8.8\lib\agents\gradle-instrumentation-agent-8.8.jar org.gradle.launcher.daemon.bootstrap.GradleDaemon 8.8

Host: AMD FX(tm)-6100 Six-Core Processor             , 6 cores, 15G,  Windows 10 , 64 bit Build 19041 (10.0.19041.5915)
Time: Tue Sep  8 20:14:43 2026 RTZ 9 (s 10 , 64 bit Build 19041 (10.0.19041.5915) elapsed time: 1896.278250 seconds (0d 0h 31m 36s)

---------------  T H R E A D  ---------------

Current thread (0x000001a8578265f0):  GCTaskThread "GC Thread#0" [stack: 0x0000002aca100000,0x0000002aca200000] [id=16192]

Stack: [0x0000002aca100000,0x0000002aca200000],  sp=0x0000002aca1ff8b0,  free space=1022k
Native frames: (J=compiled Java code, j=interpreted, Vv=VM code, C=native code)
V  [jvm.dll+0x304c09]
V  [jvm.dll+0x30190e]
V  [jvm.dll+0x310113]
V  [jvm.dll+0x311f2b]
V  [jvm.dll+0x31070d]
V  [jvm.dll+0x311ada]
V  [jvm.dll+0x2dc663]
V  [jvm.dll+0x2ddf0b]
V  [jvm.dll+0x80832b]
V  [jvm.dll+0x808376]
V  [jvm.dll+0x78abea]
V  [jvm.dll+0x678f35]
C  [ucrtbase.dll+0x21bb2]
C  [KERNEL32.DLL+0x17374]
C  [ntdll.dll+0x4cc91]


siginfo: EXCEPTION_ACCESS_VIOLATION (0xc0000005), reading address 0x0000000000001000


Registers:
RAX=0x0000000000000000, RBX=0x0000000758c7cbe9, RCX=0x0000000000000015, RDX=0x0000000000000000
RSP=0x0000002aca1ff8b0, RBP=0x000000000000646e, RSI=0x0000000758c7cbe8, RDI=0x000001a8445c83a0
R8 =0x0000000758c7cbd0, R9 =0x000000073d6ff5c0, R10=0x0000000000001000, R11=0x0000000000000001
R12=0x0000002aca1ffb10, R13=0x000001a8577d2960, R14=0x0000000000000040, R15=0x0000000000000000
RIP=0x00007ffb06cc4c09, EFLAGS=0x0000000000010246


Register to memory mapping:

RIP=0x00007ffb06cc4c09 jvm.dll
RAX=0x0 is NULL
RBX=0x0000000758c7cbe9 is pointing into object: com.sun.tools.javac.tree.JCTree$JCIdent 
{0x0000000758c7cbd0} - klass: 'com/sun/tools/javac/tree/JCTree$JCIdent'
 - ---- fields (total size 4 words):
 - public 'pos' 'I' @12  3386 (d3a)
 - public 'type' 'Lcom/sun/tools/javac/code/Type;' @16  NULL (0)
 - public 'name' 'Lcom/sun/tools/javac/util/Name;' @20  a 'com/sun/tools/javac/util/UnsharedNameTable$NameImpl'{0x000000073d6ff5c0} (e7adfeb8)
 - public 'sym' 'Lcom/sun/tools/javac/code/Symbol;' @24  
[error occurred during error reporting (printing register info), id 0xc0000005, EXCEPTION_ACCESS_VIOLATION (0xc0000005) at pc=0x00007ffb06d4eb3e]

Top of Stack: (sp=0x0000002aca1ff8b0)
0x0000002aca1ff8b0:   000000075d730000 0000000000000001
0x0000002aca1ff8c0:   0000000000000008 000000576108a801
0x0000002aca1ff8d0:   000001a86ebb7740 0000000000000008
0x0000002aca1ff8e0:   0000000000000200 0000002aca1ffb10
0x0000002aca1ff8f0:   0000000744eef000 00007ffb06cc190e
0x0000002aca1ff900:   0000000747948e00 000001a8445c83a0
0x0000002aca1ff910:   000001a8577d2960 000001a86ebb7740
0x0000002aca1ff920:   000000046a3f33d3 0000000000000000
0x0000002aca1ff930:   0000002aca1ffb10 0000000744eef000
0x0000002aca1ff940:   0000000744ef0008 00007ffb06cd0113
0x0000002aca1ff950:   0000000744eef000 0000002aca1ff970
0x0000002aca1ff960:   0000002aca1ff980 0000002aca1ffb10
0x0000002aca1ff970:   0000000744eef000 0000000000000200
0x0000002aca1ff980:   00007ffb072bfe88 0000000000000000
0x0000002aca1ff990:   000001a8577cb0e0 000001a8445c83a0
0x0000002aca1ff9a0:   000001a86ebb7780 00007ffb06cd1f2b 

Instructions: (pc=0x00007ffb06cc4c09)
0x00007ffb06cc4b09:   ff 48 8d 53 fe 48 8b cf e8 aa f6 ff ff e9 35 fd
0x00007ffb06cc4b19:   ff ff 0f 1f 44 00 00 48 8b 77 10 8b ae 80 00 00
0x00007ffb06cc4b29:   00 8b cd 8b 86 00 01 00 00 2b c8 81 e1 ff ff 01
0x00007ffb06cc4b39:   00 41 3b ce 0f 86 e9 02 00 00 ff cd 81 e5 ff ff
0x00007ffb06cc4b49:   01 00 89 ae 80 00 00 00 e8 ba 6c 36 00 90 8b d5
0x00007ffb06cc4b59:   8b 86 00 01 00 00 8b cd 48 8b 9e 80 01 00 00 2b
0x00007ffb06cc4b69:   c8 81 e1 ff ff 01 00 81 f9 ff ff 01 00 48 8b 1c
0x00007ffb06cc4b79:   eb 41 0f 44 cf 85 c9 75 3d 90 89 6c 24 50 48 8b
0x00007ffb06cc4b89:   86 00 01 00 00 48 8b c8 48 c1 e9 20 ff c1 89 4c
0x00007ffb06cc4b99:   24 54 3b e8 0f 85 77 02 00 00 48 c1 e1 20 48 0b
0x00007ffb06cc4ba9:   ca f0 48 0f b1 8e 00 01 00 00 0f 85 61 02 00 00
0x00007ffb06cc4bb9:   8b 86 00 01 00 00 f6 c3 01 0f 84 2f 01 00 00 8b
0x00007ffb06cc4bc9:   0d ea c6 79 00 48 8d 73 ff 48 8b 47 08 44 8b 16
0x00007ffb06cc4bd9:   49 d3 e2 4c 03 15 cd c6 79 00 8b 88 90 05 00 00
0x00007ffb06cc4be9:   49 8b d2 48 8b 80 80 05 00 00 48 d3 ea 0f b7 14
0x00007ffb06cc4bf9:   50 0f b7 c2 66 c1 e8 08 84 c0 0f 88 17 ff ff ff
0x00007ffb06cc4c09:   4d 8b 02 41 0f b6 c0 24 03 3c 03 75 1e 44 38 3d
0x00007ffb06cc4c19:   c4 43 80 00 74 0f 41 0f b6 c0 24 07 3c 05 75 05
0x00007ffb06cc4c29:   4d 8b c7 eb 17 49 83 e0 fc eb 11 4d 8b c8 48 8b
0x00007ffb06cc4c39:   cf 4d 8b c2 e8 be f0 ff ff 4c 8b c0 8b 0d 6d c6
0x00007ffb06cc4c49:   79 00 49 8b d0 48 2b 15 5b c6 79 00 48 d3 ea 89
0x00007ffb06cc4c59:   16 48 8b d6 8b 0d 0d 4c 80 00 49 33 d0 48 d3 ea
0x00007ffb06cc4c69:   48 85 d2 0f 84 ae fe ff ff 48 8b 47 08 48 8b d6
0x00007ffb06cc4c79:   8b 88 c0 01 00 00 48 8b 80 b0 01 00 00 48 d3 ea
0x00007ffb06cc4c89:   48 8b 0c d0 8b 81 94 00 00 00 d1 e8 a8 01 0f 85
0x00007ffb06cc4c99:   83 fe ff ff 48 8b 47 08 8b 88 90 05 00 00 48 8b
0x00007ffb06cc4ca9:   80 80 05 00 00 49 d3 e8 46 38 3c 40 0f 84 65 fe
0x00007ffb06cc4cb9:   ff ff 48 8b 47 60 48 c1 ee 09 48 8b 58 40 48 8b
0x00007ffb06cc4cc9:   48 38 48 03 de 48 2b d9 48 39 9f b0 01 00 00 0f
0x00007ffb06cc4cd9:   84 42 fe ff ff 48 8d 14 19 48 8d 4f 18 e8 45 40
0x00007ffb06cc4ce9:   00 00 48 89 9f b0 01 00 00 e9 29 fe ff ff f6 c3
0x00007ffb06cc4cf9:   03 0f 85 09 01 00 00 48 8b 47 08 4c 8b 13 49 8b 


Stack slot to memory mapping:
stack at sp + 0 slots: 0x000000075d730000 is pointing into object: [B 
{0x000000075d72ffd8} - klass: {type array byte}
 - length: 27
stack at sp + 1 slots: 0x0000000000000001 is an unknown value
stack at sp + 2 slots: 0x0000000000000008 is an unknown value
stack at sp + 3 slots: 0x000000576108a801 is an unknown value
stack at sp + 4 slots: 0x000001a86ebb7740 points into unknown readable memory: 0xffffffffffffffff | ff ff ff ff ff ff ff ff
stack at sp + 5 slots: 0x0000000000000008 is an unknown value
stack at sp + 6 slots: 0x0000000000000200 is an unknown value
stack at sp + 7 slots: 0x0000002aca1ffb10 points into unknown readable memory: 0x00007ffb072c0078 | 78 00 2c 07 fb 7f 00 00


---------------  P R O C E S S  ---------------

Threads class SMR info:
_java_thread_list=0x000001a844d95670, length=107, elements={
0x000001a8577ba410, 0x000001a87a1b62a0, 0x000001a87a1b7030, 0x000001a87a1cae50,
0x000001a87a1cd830, 0x000001a87a1cf110, 0x000001a87a1cf9e0, 0x000001a87a1e5440,
0x000001a87a1e7e10, 0x000001a87a1ea730, 0x000001a87a3bb490, 0x000001a87a497440,
0x000001a87fcdd380, 0x000001a87fcbaed0, 0x000001a87fd16f10, 0x000001a87fe09740,
0x000001a87fe05f90, 0x000001a87fe064a0, 0x000001a87fe078e0, 0x000001a87a8cca30,
0x000001a87a8d2040, 0x000001a87a8ce890, 0x000001a87a8cde70, 0x000001a87a8cf2b0,
0x000001a87a8d3990, 0x000001a87a8cd450, 0x000001a8426928c0, 0x000001a841ac2db0,
0x000001a843b15a50, 0x000001a843779360, 0x000001a843779870, 0x000001a843779d80,
0x000001a84377a290, 0x000001a84377b1c0, 0x000001a84377bbe0, 0x000001a84377c0f0,
0x000001a84377c600, 0x000001a84377acb0, 0x000001a84377d020, 0x000001a84377da40,
0x000001a84377d530, 0x000001a843776ae0, 0x000001a843778430, 0x000001a843776ff0,
0x000001a843778940, 0x000001a84377b6d0, 0x000001a843777a10, 0x000001a84268ec00,
0x000001a84268e6f0, 0x000001a84268d2b0, 0x000001a84268d7c0, 0x000001a84268f110,
0x000001a84268cda0, 0x000001a842691480, 0x000001a84268f620, 0x000001a842691990,
0x000001a8426937f0, 0x000001a84268fb30, 0x000001a84268dcd0, 0x000001a842693d00,
0x000001a842690040, 0x000001a84268c890, 0x000001a84268e1e0, 0x000001a842691ea0,
0x000001a842690550, 0x000001a8426923b0, 0x000001a842690a60, 0x000001a842690f70,
0x000001a842692dd0, 0x000001a842694210, 0x000001a841ac28a0, 0x000001a841abf0f0,
0x000001a841ac32c0, 0x000001a841ac1e80, 0x000001a841ac2390, 0x000001a841ac0a40,
0x000001a841abebe0, 0x000001a841abf600, 0x000001a841ac41f0, 0x000001a841ac4700,
0x000001a841ac4c10, 0x000001a841ac5630, 0x000001a841ac5120, 0x000001a841ac0f50,
0x000001a841ac1460, 0x000001a841ac6050, 0x000001a841ac6560, 0x000001a841ac0020,
0x000001a841ac0530, 0x000001a87a8ce380, 0x000001a87a8cd960, 0x000001a87a8cc520,
0x000001a87a8d2550, 0x000001a87a8cf7c0, 0x000001a87a8d01e0, 0x000001a87a8d2f70,
0x000001a87a8d2a60, 0x000001a87a8d06f0, 0x000001a87a8d1b30, 0x000001a87a8ccf40,
0x000001a87a8d0c00, 0x000001a87a8d1110, 0x000001a87a8d1620, 0x000001a87a8d3480,
0x000001a87a8cc010, 0x000001a843b12cc0, 0x000001a843b15540
}

Java Threads: ( => current thread )
  0x000001a8577ba410 JavaThread "main" [_thread_blocked, id=6304, stack(0x0000002aca000000,0x0000002aca100000)]
  0x000001a87a1b62a0 JavaThread "Reference Handler" daemon [_thread_blocked, id=5476, stack(0x0000002aca700000,0x0000002aca800000)]
  0x000001a87a1b7030 JavaThread "Finalizer" daemon [_thread_blocked, id=10548, stack(0x0000002aca800000,0x0000002aca900000)]
  0x000001a87a1cae50 JavaThread "Signal Dispatcher" daemon [_thread_blocked, id=2044, stack(0x0000002aca900000,0x0000002acaa00000)]
  0x000001a87a1cd830 JavaThread "Attach Listener" daemon [_thread_blocked, id=3548, stack(0x0000002acaa00000,0x0000002acab00000)]
  0x000001a87a1cf110 JavaThread "Service Thread" daemon [_thread_blocked, id=14660, stack(0x0000002acab00000,0x0000002acac00000)]
  0x000001a87a1cf9e0 JavaThread "Monitor Deflation Thread" daemon [_thread_blocked, id=13632, stack(0x0000002acac00000,0x0000002acad00000)]
  0x000001a87a1e5440 JavaThread "C2 CompilerThread0" daemon [_thread_blocked, id=15732, stack(0x0000002acad00000,0x0000002acae00000)]
  0x000001a87a1e7e10 JavaThread "C1 CompilerThread0" daemon [_thread_blocked, id=15612, stack(0x0000002acae00000,0x0000002acaf00000)]
  0x000001a87a1ea730 JavaThread "Sweeper thread" daemon [_thread_blocked, id=15444, stack(0x0000002acaf00000,0x0000002acb000000)]
  0x000001a87a3bb490 JavaThread "Common-Cleaner" daemon [_thread_blocked, id=4812, stack(0x0000002acb000000,0x0000002acb100000)]
  0x000001a87a497440 JavaThread "Notification Thread" daemon [_thread_blocked, id=5056, stack(0x0000002acb100000,0x0000002acb200000)]
  0x000001a87fcdd380 JavaThread "Daemon health stats" [_thread_blocked, id=12520, stack(0x0000002acb900000,0x0000002acba00000)]
  0x000001a87fcbaed0 JavaThread "Incoming local TCP Connector on port 62923" [_thread_in_native, id=11000, stack(0x0000002acba00000,0x0000002acbb00000)]
  0x000001a87fd16f10 JavaThread "Daemon periodic checks" [_thread_blocked, id=7152, stack(0x0000002acbb00000,0x0000002acbc00000)]
  0x000001a87fe09740 JavaThread "Cache worker for journal cache (C:\Users\YouTube\.gradle\caches\journal-1)" [_thread_blocked, id=2748, stack(0x0000002acb300000,0x0000002acb400000)]
  0x000001a87fe05f90 JavaThread "File lock request listener" [_thread_in_native, id=10740, stack(0x0000002acc300000,0x0000002acc400000)]
  0x000001a87fe064a0 JavaThread "Cache worker for file hash cache (C:\Users\YouTube\.gradle\caches\8.8\fileHashes)" [_thread_blocked, id=12536, stack(0x0000002acc400000,0x0000002acc500000)]
  0x000001a87fe078e0 JavaThread "File watcher server" daemon [_thread_blocked, id=10248, stack(0x0000002acc700000,0x0000002acc800000)]
  0x000001a87a8cca30 JavaThread "File watcher consumer" daemon [_thread_blocked, id=2532, stack(0x0000002acc800000,0x0000002acc900000)]
  0x000001a87a8d2040 JavaThread "Cache worker for file content cache (C:\Users\YouTube\.gradle\caches\8.8\fileContent)" [_thread_blocked, id=14936, stack(0x0000002accb00000,0x0000002accc00000)]
  0x000001a87a8ce890 JavaThread "jar transforms" [_thread_blocked, id=10764, stack(0x0000002acce00000,0x0000002accf00000)]
  0x000001a87a8cde70 JavaThread "jar transforms Thread 2" [_thread_blocked, id=9348, stack(0x0000002accf00000,0x0000002acd000000)]
  0x000001a87a8cf2b0 JavaThread "jar transforms Thread 3" [_thread_blocked, id=16052, stack(0x0000002acd100000,0x0000002acd200000)]
  0x000001a87a8d3990 JavaThread "jar transforms Thread 4" [_thread_blocked, id=16152, stack(0x0000002acdc00000,0x0000002acdd00000)]
  0x000001a87a8cd450 JavaThread "jar transforms Thread 5" [_thread_blocked, id=15572, stack(0x0000002acdd00000,0x0000002acde00000)]
  0x000001a8426928c0 JavaThread "jar transforms Thread 6" [_thread_blocked, id=11184, stack(0x0000002ace300000,0x0000002ace400000)]
  0x000001a841ac2db0 JavaThread "Memory manager" [_thread_blocked, id=16308, stack(0x0000002ad0a00000,0x0000002ad0b00000)]
  0x000001a843b15a50 JavaThread "Cache worker for Java compile cache (C:\Users\YouTube\.gradle\caches\8.8\javaCompile)" [_thread_blocked, id=12868, stack(0x0000002ac9e00000,0x0000002ac9f00000)]
  0x000001a843779360 JavaThread "Daemon Thread 2" [_thread_blocked, id=1036, stack(0x0000002ac9d00000,0x0000002ac9e00000)]
  0x000001a843779870 JavaThread "Handler for socket connection from /127.0.0.1:62923 to /127.0.0.1:53784" [_thread_in_native, id=12960, stack(0x0000002ac9f00000,0x0000002aca000000)]
  0x000001a843779d80 JavaThread "Cancel handler" [_thread_blocked, id=7988, stack(0x0000002acbc00000,0x0000002acbd00000)]
  0x000001a84377a290 JavaThread "Daemon worker Thread 2" [_thread_blocked, id=5408, stack(0x0000002acbd00000,0x0000002acbe00000)]
  0x000001a84377b1c0 JavaThread "Asynchronous log dispatcher for DefaultDaemonConnection: socket connection from /127.0.0.1:62923 to /127.0.0.1:53784" [_thread_blocked, id=11972, stack(0x0000002acbe00000,0x0000002acbf00000)]
  0x000001a84377bbe0 JavaThread "Stdin handler" [_thread_blocked, id=9500, stack(0x0000002acbf00000,0x0000002acc000000)]
  0x000001a84377c0f0 JavaThread "Daemon client event forwarder" [_thread_blocked, id=13444, stack(0x0000002acc000000,0x0000002acc100000)]
  0x000001a84377c600 JavaThread "Cache worker for file hash cache (C:\Users\YouTube\Documents\GitHub\maze2\.gradle\8.8\fileHashes)" [_thread_blocked, id=3528, stack(0x0000002acc100000,0x0000002acc200000)]
  0x000001a84377acb0 JavaThread "Cache worker for checksums cache (C:\Users\YouTube\Documents\GitHub\maze2\.gradle\8.8\checksums)" [_thread_blocked, id=15712, stack(0x0000002acc200000,0x0000002acc300000)]
  0x000001a84377d020 JavaThread "Cache worker for cache directory md-rule (C:\Users\YouTube\.gradle\caches\8.8\md-rule)" [_thread_blocked, id=4676, stack(0x0000002acc500000,0x0000002acc600000)]
  0x000001a84377da40 JavaThread "Cache worker for cache directory md-supplier (C:\Users\YouTube\.gradle\caches\8.8\md-supplier)" [_thread_blocked, id=13420, stack(0x0000002acc600000,0x0000002acc700000)]
  0x000001a84377d530 JavaThread "Unconstrained build operations" [_thread_blocked, id=13356, stack(0x0000002acca00000,0x0000002accb00000)]
  0x000001a843776ae0 JavaThread "Unconstrained build operations Thread 2" [_thread_blocked, id=14176, stack(0x0000002accc00000,0x0000002accd00000)]
  0x000001a843778430 JavaThread "Unconstrained build operations Thread 3" [_thread_blocked, id=11948, stack(0x0000002accd00000,0x0000002acce00000)]
  0x000001a843776ff0 JavaThread "Unconstrained build operations Thread 4" [_thread_blocked, id=2112, stack(0x0000002acd200000,0x0000002acd300000)]
  0x000001a843778940 JavaThread "Unconstrained build operations Thread 5" [_thread_blocked, id=15664, stack(0x0000002acd300000,0x0000002acd400000)]
  0x000001a84377b6d0 JavaThread "Unconstrained build operations Thread 6" [_thread_blocked, id=252, stack(0x0000002acd400000,0x0000002acd500000)]
  0x000001a843777a10 JavaThread "Unconstrained build operations Thread 7" [_thread_blocked, id=16204, stack(0x0000002acd500000,0x0000002acd600000)]
  0x000001a84268ec00 JavaThread "Unconstrained build operations Thread 8" [_thread_blocked, id=13400, stack(0x0000002acd600000,0x0000002acd700000)]
  0x000001a84268e6f0 JavaThread "Unconstrained build operations Thread 9" [_thread_blocked, id=3192, stack(0x0000002acd700000,0x0000002acd800000)]
  0x000001a84268d2b0 JavaThread "Unconstrained build operations Thread 10" [_thread_blocked, id=1052, stack(0x0000002acd800000,0x0000002acd900000)]
  0x000001a84268d7c0 JavaThread "Unconstrained build operations Thread 11" [_thread_blocked, id=15080, stack(0x0000002acda00000,0x0000002acdb00000)]
  0x000001a84268f110 JavaThread "Unconstrained build operations Thread 12" [_thread_blocked, id=11700, stack(0x0000002acdb00000,0x0000002acdc00000)]
  0x000001a84268cda0 JavaThread "Unconstrained build operations Thread 13" [_thread_blocked, id=9360, stack(0x0000002acde00000,0x0000002acdf00000)]
  0x000001a842691480 JavaThread "Unconstrained build operations Thread 14" [_thread_blocked, id=5000, stack(0x0000002acdf00000,0x0000002ace000000)]
  0x000001a84268f620 JavaThread "Unconstrained build operations Thread 15" [_thread_blocked, id=15768, stack(0x0000002ace000000,0x0000002ace100000)]
  0x000001a842691990 JavaThread "Unconstrained build operations Thread 16" [_thread_blocked, id=12352, stack(0x0000002acd900000,0x0000002acda00000)]
  0x000001a8426937f0 JavaThread "Unconstrained build operations Thread 17" [_thread_blocked, id=13664, stack(0x0000002ace100000,0x0000002ace200000)]
  0x000001a84268fb30 JavaThread "Unconstrained build operations Thread 18" [_thread_blocked, id=8888, stack(0x0000002ace200000,0x0000002ace300000)]
  0x000001a84268dcd0 JavaThread "Unconstrained build operations Thread 19" [_thread_blocked, id=10040, stack(0x0000002ace400000,0x0000002ace500000)]
  0x000001a842693d00 JavaThread "Unconstrained build operations Thread 20" [_thread_blocked, id=15264, stack(0x0000002ace500000,0x0000002ace600000)]
  0x000001a842690040 JavaThread "Unconstrained build operations Thread 21" [_thread_blocked, id=15288, stack(0x0000002ace600000,0x0000002ace700000)]
  0x000001a84268c890 JavaThread "Unconstrained build operations Thread 22" [_thread_blocked, id=3600, stack(0x0000002ace700000,0x0000002ace800000)]
  0x000001a84268e1e0 JavaThread "Unconstrained build operations Thread 23" [_thread_blocked, id=12604, stack(0x0000002ace800000,0x0000002ace900000)]
  0x000001a842691ea0 JavaThread "Unconstrained build operations Thread 24" [_thread_blocked, id=12792, stack(0x0000002ace900000,0x0000002acea00000)]
  0x000001a842690550 JavaThread "Unconstrained build operations Thread 25" [_thread_blocked, id=8144, stack(0x0000002acea00000,0x0000002aceb00000)]
  0x000001a8426923b0 JavaThread "Unconstrained build operations Thread 26" [_thread_blocked, id=14672, stack(0x0000002aceb00000,0x0000002acec00000)]
  0x000001a842690a60 JavaThread "Unconstrained build operations Thread 27" [_thread_blocked, id=7744, stack(0x0000002acec00000,0x0000002aced00000)]
  0x000001a842690f70 JavaThread "Unconstrained build operations Thread 28" [_thread_blocked, id=13604, stack(0x0000002aced00000,0x0000002acee00000)]
  0x000001a842692dd0 JavaThread "Unconstrained build operations Thread 29" [_thread_blocked, id=16088, stack(0x0000002acee00000,0x0000002acef00000)]
  0x000001a842694210 JavaThread "Cache worker for Build Output Cleanup Cache (C:\Users\YouTube\Documents\GitHub\maze2\.gradle\buildOutputCleanup)" [_thread_blocked, id=7712, stack(0x0000002acef00000,0x0000002acf000000)]
  0x000001a841ac28a0 JavaThread "Unconstrained build operations Thread 30" [_thread_blocked, id=12504, stack(0x0000002acf000000,0x0000002acf100000)]
  0x000001a841abf0f0 JavaThread "Unconstrained build operations Thread 31" [_thread_blocked, id=15000, stack(0x0000002acf100000,0x0000002acf200000)]
  0x000001a841ac32c0 JavaThread "Unconstrained build operations Thread 32" [_thread_blocked, id=136, stack(0x0000002acf200000,0x0000002acf300000)]
  0x000001a841ac1e80 JavaThread "Unconstrained build operations Thread 33" [_thread_blocked, id=15844, stack(0x0000002acf300000,0x0000002acf400000)]
  0x000001a841ac2390 JavaThread "Unconstrained build operations Thread 34" [_thread_blocked, id=5580, stack(0x0000002acf400000,0x0000002acf500000)]
  0x000001a841ac0a40 JavaThread "Unconstrained build operations Thread 35" [_thread_blocked, id=13880, stack(0x0000002acf500000,0x0000002acf600000)]
  0x000001a841abebe0 JavaThread "Unconstrained build operations Thread 36" [_thread_blocked, id=12436, stack(0x0000002acf600000,0x0000002acf700000)]
  0x000001a841abf600 JavaThread "Unconstrained build operations Thread 37" [_thread_blocked, id=15172, stack(0x0000002acf700000,0x0000002acf800000)]
  0x000001a841ac41f0 JavaThread "Unconstrained build operations Thread 38" [_thread_blocked, id=4752, stack(0x0000002acf800000,0x0000002acf900000)]
  0x000001a841ac4700 JavaThread "Unconstrained build operations Thread 39" [_thread_blocked, id=14820, stack(0x0000002acf900000,0x0000002acfa00000)]
  0x000001a841ac4c10 JavaThread "Unconstrained build operations Thread 40" [_thread_blocked, id=6484, stack(0x0000002acfb00000,0x0000002acfc00000)]
  0x000001a841ac5630 JavaThread "Unconstrained build operations Thread 41" [_thread_blocked, id=10480, stack(0x0000002acfc00000,0x0000002acfd00000)]
  0x000001a841ac5120 JavaThread "Unconstrained build operations Thread 42" [_thread_blocked, id=14328, stack(0x0000002acfd00000,0x0000002acfe00000)]
  0x000001a841ac0f50 JavaThread "Unconstrained build operations Thread 43" [_thread_blocked, id=16300, stack(0x0000002acfe00000,0x0000002acff00000)]
  0x000001a841ac1460 JavaThread "Unconstrained build operations Thread 44" [_thread_blocked, id=13848, stack(0x0000002acff00000,0x0000002ad0000000)]
  0x000001a841ac6050 JavaThread "Unconstrained build operations Thread 45" [_thread_blocked, id=13712, stack(0x0000002ad0100000,0x0000002ad0200000)]
  0x000001a841ac6560 JavaThread "Unconstrained build operations Thread 46" [_thread_blocked, id=3676, stack(0x0000002ad0200000,0x0000002ad0300000)]
  0x000001a841ac0020 JavaThread "Unconstrained build operations Thread 47" [_thread_blocked, id=16096, stack(0x0000002ad0300000,0x0000002ad0400000)]
  0x000001a841ac0530 JavaThread "Unconstrained build operations Thread 48" [_thread_blocked, id=6964, stack(0x0000002ad0400000,0x0000002ad0500000)]
  0x000001a87a8ce380 JavaThread "Unconstrained build operations Thread 49" [_thread_blocked, id=14628, stack(0x0000002ad0500000,0x0000002ad0600000)]
  0x000001a87a8cd960 JavaThread "ForkJoinPool.commonPool-worker-6" daemon [_thread_blocked, id=14712, stack(0x0000002ad0000000,0x0000002ad0100000)]
  0x000001a87a8cc520 JavaThread "ForkJoinPool.commonPool-worker-7" daemon [_thread_blocked, id=2468, stack(0x0000002ad0600000,0x0000002ad0700000)]
  0x000001a87a8d2550 JavaThread "ForkJoinPool.commonPool-worker-8" daemon [_thread_blocked, id=12556, stack(0x0000002ad0700000,0x0000002ad0800000)]
  0x000001a87a8cf7c0 JavaThread "ForkJoinPool.commonPool-worker-9" daemon [_thread_blocked, id=6796, stack(0x0000002ad0800000,0x0000002ad0900000)]
  0x000001a87a8d01e0 JavaThread "ForkJoinPool.commonPool-worker-10" daemon [_thread_blocked, id=4084, stack(0x0000002ad0900000,0x0000002ad0a00000)]
  0x000001a87a8d2f70 JavaThread "included builds" [_thread_blocked, id=8368, stack(0x0000002ad0c00000,0x0000002ad0d00000)]
  0x000001a87a8d2a60 JavaThread "Execution worker" [_thread_blocked, id=9580, stack(0x0000002ad0d00000,0x0000002ad0e00000)]
  0x000001a87a8d06f0 JavaThread "Execution worker Thread 2" [_thread_blocked, id=7076, stack(0x0000002ad0e00000,0x0000002ad0f00000)]
  0x000001a87a8d1b30 JavaThread "Execution worker Thread 3" [_thread_blocked, id=15376, stack(0x0000002ad0f00000,0x0000002ad1000000)]
  0x000001a87a8ccf40 JavaThread "Execution worker Thread 4" [_thread_blocked, id=3124, stack(0x0000002ad1000000,0x0000002ad1100000)]
  0x000001a87a8d0c00 JavaThread "Execution worker Thread 5" [_thread_blocked, id=7456, stack(0x0000002ad1100000,0x0000002ad1200000)]
  0x000001a87a8d1110 JavaThread "Cache worker for execution history cache (C:\Users\YouTube\Documents\GitHub\maze2\.gradle\8.8\executionHistory)" [_thread_blocked, id=9120, stack(0x0000002ad1200000,0x0000002ad1300000)]
  0x000001a87a8d1620 JavaThread "Unconstrained build operations Thread 50" [_thread_blocked, id=16380, stack(0x0000002ad0b00000,0x0000002ad0c00000)]
  0x000001a87a8d3480 JavaThread "Unconstrained build operations Thread 51" [_thread_blocked, id=7468, stack(0x0000002ad1300000,0x0000002ad1400000)]
  0x000001a87a8cc010 JavaThread "Unconstrained build operations Thread 52" [_thread_blocked, id=15464, stack(0x0000002ad1400000,0x0000002ad1500000)]
  0x000001a843b12cc0 JavaThread "Unconstrained build operations Thread 53" [_thread_blocked, id=1940, stack(0x0000002ad1500000,0x0000002ad1600000)]
  0x000001a843b15540 JavaThread "Unconstrained build operations Thread 54" [_thread_blocked, id=3152, stack(0x0000002ad1600000,0x0000002ad1700000)]

Other Threads:
  0x000001a87a1aeeb0 VMThread "VM Thread" [stack: 0x0000002aca600000,0x0000002aca700000] [id=14648]
  0x000001a87a497920 WatcherThread [stack: 0x0000002acb200000,0x0000002acb300000] [id=16228]
=>0x000001a8578265f0 GCTaskThread "GC Thread#0" [stack: 0x0000002aca100000,0x0000002aca200000] [id=16192]
  0x000001a87ac24180 GCTaskThread "GC Thread#1" [stack: 0x0000002acb400000,0x0000002acb500000] [id=11512]
  0x000001a87ac24440 GCTaskThread "GC Thread#2" [stack: 0x0000002acb500000,0x0000002acb600000] [id=7804]
  0x000001a87ac24700 GCTaskThread "GC Thread#3" [stack: 0x0000002acb600000,0x0000002acb700000] [id=1416]
  0x000001a87adf3070 GCTaskThread "GC Thread#4" [stack: 0x0000002acb700000,0x0000002acb800000] [id=8504]
  0x000001a87adf3330 GCTaskThread "GC Thread#5" [stack: 0x0000002acb800000,0x0000002acb900000] [id=13596]
  0x000001a857838460 ConcurrentGCThread "G1 Main Marker" [stack: 0x0000002aca200000,0x0000002aca300000] [id=15040]
  0x000001a857839520 ConcurrentGCThread "G1 Conc#0" [stack: 0x0000002aca300000,0x0000002aca400000] [id=12612]
  0x000001a841615c20 ConcurrentGCThread "G1 Conc#1" [stack: 0x0000002acc900000,0x0000002acca00000] [id=8332]
  0x000001a87a0734e0 ConcurrentGCThread "G1 Refine#0" [stack: 0x0000002aca400000,0x0000002aca500000] [id=12364]
  0x000001a87fe45950 ConcurrentGCThread "G1 Refine#1" [stack: 0x0000002acd000000,0x0000002acd100000] [id=13916]
  0x000001a842d40350 ConcurrentGCThread "G1 Refine#2" [stack: 0x0000002ad2400000,0x0000002ad2500000] [id=1476]
  0x000001a842d414f0 ConcurrentGCThread "G1 Refine#3" [stack: 0x0000002ad2500000,0x0000002ad2600000] [id=16124]
  0x000001a842d417e0 ConcurrentGCThread "G1 Refine#4" [stack: 0x0000002ad2600000,0x0000002ad2700000] [id=3568]
  0x000001a844dc2140 ConcurrentGCThread "G1 Refine#5" [stack: 0x0000002ad2a00000,0x0000002ad2b00000] [id=14172]
  0x000001a87a073e20 ConcurrentGCThread "G1 Service" [stack: 0x0000002aca500000,0x0000002aca600000] [id=1600]

Threads with active compile tasks:

VM state: at safepoint (normal execution)

VM Mutex/Monitor currently owned by a thread:  ([mutex/lock_event])
[0x000001a8577b66c0] Threads_lock - owner thread: 0x000001a87a1aeeb0
[0x000001a8577b51f0] Heap_lock - owner thread: 0x000001a87a8d1b30

Heap address: 0x0000000700000000, size: 4096 MB, Compressed Oops mode: Zero based, Oop shift amount: 3

CDS archive(s) mapped at: [0x000001a800000000-0x000001a800bd0000-0x000001a800bd0000), size 12386304, SharedBaseAddress: 0x000001a800000000, ArchiveRelocationMode: 1.
Compressed class space mapped at: 0x000001a801000000-0x000001a841000000, reserved size: 1073741824
Narrow klass base: 0x000001a800000000, Narrow klass shift: 0, Narrow klass range: 0x100000000

GC Precious Log:
 CPUs: 6 total, 6 available
 Memory: 16366M
 Large Page Support: Disabled
 NUMA Support: Disabled
 Compressed Oops: Enabled (Zero based)
 Heap Region Size: 2M
 Heap Min Capacity: 8M
 Heap Initial Capacity: 256M
 Heap Max Capacity: 4G
 Pre-touch: Disabled
 Parallel Workers: 6
 Concurrent Workers: 2
 Concurrent Refinement Workers: 6
 Periodic GC: Disabled

Heap:
 garbage-first heap   total 1540096K, used 1334228K [0x0000000700000000, 0x0000000800000000)
  region size 2048K, 46 young (94208K), 6 survivors (12288K)
 Metaspace       used 88265K, committed 89280K, reserved 1179648K
  class space    used 11668K, committed 12160K, reserved 1048576K

Heap Regions: E=young(eden), S=young(survivor), O=old, HS=humongous(starts), HC=humongous(continues), CS=collection set, F=free, OA=open archive, CA=closed archive, TAMS=top-at-mark-start (previous, next)
|   0|0x0000000700000000, 0x0000000700200000, 0x0000000700200000|100%|HS|  |TAMS 0x0000000700200000, 0x0000000700200000| Complete 
|   1|0x0000000700200000, 0x0000000700400000, 0x0000000700400000|100%|HC|  |TAMS 0x0000000700400000, 0x0000000700400000| Complete 
|   2|0x0000000700400000, 0x0000000700600000, 0x0000000700600000|100%| O|  |TAMS 0x0000000700600000, 0x0000000700600000| Untracked 
|   3|0x0000000700600000, 0x0000000700800000, 0x0000000700800000|100%| O|  |TAMS 0x0000000700800000, 0x0000000700800000| Untracked 
|   4|0x0000000700800000, 0x00000007009f5200, 0x0000000700a00000| 97%| O|  |TAMS 0x00000007009f5200, 0x00000007009f5200| Untracked 
|   5|0x0000000700a00000, 0x0000000700c00000, 0x0000000700c00000|100%| O|  |TAMS 0x0000000700c00000, 0x0000000700c00000| Untracked 
|   6|0x0000000700c00000, 0x0000000700e00000, 0x0000000700e00000|100%| O|  |TAMS 0x0000000700e00000, 0x0000000700e00000| Untracked 
|   7|0x0000000700e00000, 0x0000000701000000, 0x0000000701000000|100%| O|  |TAMS 0x0000000701000000, 0x0000000701000000| Untracked 
|   8|0x0000000701000000, 0x0000000701200000, 0x0000000701200000|100%| O|  |TAMS 0x0000000701200000, 0x0000000701200000| Untracked 
|   9|0x0000000701200000, 0x0000000701400000, 0x0000000701400000|100%| O|  |TAMS 0x0000000701400000, 0x0000000701400000| Untracked 
|  10|0x0000000701400000, 0x0000000701600000, 0x0000000701600000|100%| O|  |TAMS 0x0000000701600000, 0x0000000701600000| Untracked 
|  11|0x0000000701600000, 0x0000000701800000, 0x0000000701800000|100%| O|  |TAMS 0x0000000701800000, 0x0000000701800000| Untracked 
|  12|0x0000000701800000, 0x0000000701a00000, 0x0000000701a00000|100%| O|  |TAMS 0x0000000701a00000, 0x0000000701a00000| Untracked 
|  13|0x0000000701a00000, 0x0000000701c00000, 0x0000000701c00000|100%| O|  |TAMS 0x0000000701c00000, 0x0000000701c00000| Untracked 
|  14|0x0000000701c00000, 0x0000000701e00000, 0x0000000701e00000|100%| O|  |TAMS 0x0000000701e00000, 0x0000000701e00000| Untracked 
|  15|0x0000000701e00000, 0x0000000702000000, 0x0000000702000000|100%| O|  |TAMS 0x0000000702000000, 0x0000000702000000| Untracked 
|  16|0x0000000702000000, 0x0000000702200000, 0x0000000702200000|100%| O|  |TAMS 0x0000000702200000, 0x0000000702200000| Untracked 
|  17|0x0000000702200000, 0x0000000702400000, 0x0000000702400000|100%| O|  |TAMS 0x0000000702400000, 0x0000000702400000| Untracked 
|  18|0x0000000702400000, 0x0000000702600000, 0x0000000702600000|100%| O|  |TAMS 0x0000000702600000, 0x0000000702600000| Untracked 
|  19|0x0000000702600000, 0x0000000702800000, 0x0000000702800000|100%|HS|  |TAMS 0x0000000702800000, 0x0000000702800000| Complete 
|  20|0x0000000702800000, 0x0000000702a00000, 0x0000000702a00000|100%| O|  |TAMS 0x0000000702a00000, 0x0000000702a00000| Untracked 
|  21|0x0000000702a00000, 0x0000000702c00000, 0x0000000702c00000|100%| O|  |TAMS 0x0000000702c00000, 0x0000000702c00000| Untracked 
|  22|0x0000000702c00000, 0x0000000702e00000, 0x0000000702e00000|100%| O|  |TAMS 0x0000000702e00000, 0x0000000702e00000| Untracked 
|  23|0x0000000702e00000, 0x0000000703000000, 0x0000000703000000|100%| O|  |TAMS 0x0000000703000000, 0x0000000703000000| Untracked 
|  24|0x0000000703000000, 0x0000000703200000, 0x0000000703200000|100%| O|  |TAMS 0x0000000703200000, 0x0000000703200000| Untracked 
|  25|0x0000000703200000, 0x0000000703400000, 0x0000000703400000|100%| O|  |TAMS 0x0000000703400000, 0x0000000703400000| Untracked 
|  26|0x0000000703400000, 0x0000000703600000, 0x0000000703600000|100%| O|  |TAMS 0x0000000703600000, 0x0000000703600000| Untracked 
|  27|0x0000000703600000, 0x0000000703800000, 0x0000000703800000|100%| O|  |TAMS 0x0000000703800000, 0x0000000703800000| Untracked 
|  28|0x0000000703800000, 0x0000000703a00000, 0x0000000703a00000|100%| O|  |TAMS 0x0000000703a00000, 0x0000000703a00000| Untracked 
|  29|0x0000000703a00000, 0x0000000703c00000, 0x0000000703c00000|100%| O|  |TAMS 0x0000000703c00000, 0x0000000703c00000| Untracked 
|  30|0x0000000703c00000, 0x0000000703e00000, 0x0000000703e00000|100%|HS|  |TAMS 0x0000000703c00000, 0x0000000703e00000| Complete 
|  31|0x0000000703e00000, 0x0000000704000000, 0x0000000704000000|100%| O|  |TAMS 0x0000000704000000, 0x0000000704000000| Untracked 
|  32|0x0000000704000000, 0x0000000704200000, 0x0000000704200000|100%| O|  |TAMS 0x0000000704200000, 0x0000000704200000| Untracked 
|  33|0x0000000704200000, 0x0000000704400000, 0x0000000704400000|100%|HS|  |TAMS 0x0000000704200000, 0x0000000704400000| Complete 
|  34|0x0000000704400000, 0x0000000704600000, 0x0000000704600000|100%| O|  |TAMS 0x0000000704600000, 0x0000000704600000| Untracked 
|  35|0x0000000704600000, 0x0000000704800000, 0x0000000704800000|100%| O|  |TAMS 0x0000000704800000, 0x0000000704800000| Untracked 
|  36|0x0000000704800000, 0x0000000704a00000, 0x0000000704a00000|100%| O|  |TAMS 0x0000000704a00000, 0x0000000704a00000| Untracked 
|  37|0x0000000704a00000, 0x0000000704c00000, 0x0000000704c00000|100%| O|  |TAMS 0x0000000704c00000, 0x0000000704c00000| Untracked 
|  38|0x0000000704c00000, 0x0000000704e00000, 0x0000000704e00000|100%| O|  |TAMS 0x0000000704e00000, 0x0000000704e00000| Untracked 
|  39|0x0000000704e00000, 0x0000000705000000, 0x0000000705000000|100%| O|  |TAMS 0x0000000705000000, 0x0000000705000000| Untracked 
|  40|0x0000000705000000, 0x0000000705200000, 0x0000000705200000|100%| O|  |TAMS 0x0000000705200000, 0x0000000705200000| Untracked 
|  41|0x0000000705200000, 0x0000000705400000, 0x0000000705400000|100%| O|  |TAMS 0x0000000705400000, 0x0000000705400000| Untracked 
|  42|0x0000000705400000, 0x0000000705600000, 0x0000000705600000|100%| O|  |TAMS 0x0000000705600000, 0x0000000705600000| Untracked 
|  43|0x0000000705600000, 0x0000000705800000, 0x0000000705800000|100%| O|  |TAMS 0x0000000705800000, 0x0000000705800000| Untracked 
|  44|0x0000000705800000, 0x0000000705a00000, 0x0000000705a00000|100%| O|  |TAMS 0x0000000705a00000, 0x0000000705a00000| Untracked 
|  45|0x0000000705a00000, 0x0000000705c00000, 0x0000000705c00000|100%| O|  |TAMS 0x0000000705c00000, 0x0000000705c00000| Untracked 
|  46|0x0000000705c00000, 0x0000000705e00000, 0x0000000705e00000|100%| O|  |TAMS 0x0000000705e00000, 0x0000000705e00000| Untracked 
|  47|0x0000000705e00000, 0x0000000706000000, 0x0000000706000000|100%| O|  |TAMS 0x0000000706000000, 0x0000000706000000| Untracked 
|  48|0x0000000706000000, 0x0000000706200000, 0x0000000706200000|100%| O|  |TAMS 0x0000000706200000, 0x0000000706200000| Untracked 
|  49|0x0000000706200000, 0x0000000706400000, 0x0000000706400000|100%| O|  |TAMS 0x0000000706400000, 0x0000000706400000| Untracked 
|  50|0x0000000706400000, 0x0000000706600000, 0x0000000706600000|100%| O|  |TAMS 0x0000000706600000, 0x0000000706600000| Untracked 
|  51|0x0000000706600000, 0x0000000706800000, 0x0000000706800000|100%| O|  |TAMS 0x0000000706800000, 0x0000000706800000| Untracked 
|  52|0x0000000706800000, 0x0000000706a00000, 0x0000000706a00000|100%| O|  |TAMS 0x0000000706a00000, 0x0000000706a00000| Untracked 
|  53|0x0000000706a00000, 0x0000000706c00000, 0x0000000706c00000|100%| O|  |TAMS 0x0000000706c00000, 0x0000000706c00000| Untracked 
|  54|0x0000000706c00000, 0x0000000706e00000, 0x0000000706e00000|100%| O|  |TAMS 0x0000000706e00000, 0x0000000706e00000| Untracked 
|  55|0x0000000706e00000, 0x0000000707000000, 0x0000000707000000|100%| O|  |TAMS 0x0000000707000000, 0x0000000707000000| Untracked 
|  56|0x0000000707000000, 0x0000000707200000, 0x0000000707200000|100%| O|  |TAMS 0x0000000707200000, 0x0000000707200000| Untracked 
|  57|0x0000000707200000, 0x0000000707400000, 0x0000000707400000|100%| O|  |TAMS 0x0000000707400000, 0x0000000707400000| Untracked 
|  58|0x0000000707400000, 0x0000000707600000, 0x0000000707600000|100%| O|  |TAMS 0x0000000707600000, 0x0000000707600000| Untracked 
|  59|0x0000000707600000, 0x0000000707800000, 0x0000000707800000|100%| O|  |TAMS 0x0000000707800000, 0x0000000707800000| Untracked 
|  60|0x0000000707800000, 0x0000000707a00000, 0x0000000707a00000|100%| O|  |TAMS 0x0000000707a00000, 0x0000000707a00000| Untracked 
|  61|0x0000000707a00000, 0x0000000707c00000, 0x0000000707c00000|100%| O|  |TAMS 0x0000000707c00000, 0x0000000707c00000| Untracked 
|  62|0x0000000707c00000, 0x0000000707e00000, 0x0000000707e00000|100%| O|  |TAMS 0x0000000707e00000, 0x0000000707e00000| Untracked 
|  63|0x0000000707e00000, 0x0000000708000000, 0x0000000708000000|100%| O|  |TAMS 0x0000000708000000, 0x0000000708000000| Untracked 
|  64|0x0000000708000000, 0x0000000708200000, 0x0000000708200000|100%| O|  |TAMS 0x0000000708200000, 0x0000000708200000| Untracked 
|  65|0x0000000708200000, 0x0000000708400000, 0x0000000708400000|100%| O|  |TAMS 0x0000000708400000, 0x0000000708400000| Untracked 
|  66|0x0000000708400000, 0x0000000708600000, 0x0000000708600000|100%| O|  |TAMS 0x0000000708600000, 0x0000000708600000| Untracked 
|  67|0x0000000708600000, 0x0000000708800000, 0x0000000708800000|100%| O|  |TAMS 0x0000000708800000, 0x0000000708800000| Untracked 
|  68|0x0000000708800000, 0x0000000708a00000, 0x0000000708a00000|100%| O|  |TAMS 0x0000000708a00000, 0x0000000708a00000| Untracked 
|  69|0x0000000708a00000, 0x0000000708c00000, 0x0000000708c00000|100%| O|  |TAMS 0x0000000708a00000, 0x0000000708c00000| Untracked 
|  70|0x0000000708c00000, 0x0000000708e00000, 0x0000000708e00000|100%| O|  |TAMS 0x0000000708e00000, 0x0000000708e00000| Untracked 
|  71|0x0000000708e00000, 0x0000000709000000, 0x0000000709000000|100%| O|  |TAMS 0x0000000709000000, 0x0000000709000000| Untracked 
|  72|0x0000000709000000, 0x0000000709200000, 0x0000000709200000|100%| O|  |TAMS 0x0000000709200000, 0x0000000709200000| Untracked 
|  73|0x0000000709200000, 0x0000000709400000, 0x0000000709400000|100%| O|  |TAMS 0x0000000709400000, 0x0000000709400000| Untracked 
|  74|0x0000000709400000, 0x0000000709600000, 0x0000000709600000|100%| O|  |TAMS 0x0000000709600000, 0x0000000709600000| Untracked 
|  75|0x0000000709600000, 0x0000000709800000, 0x0000000709800000|100%| O|  |TAMS 0x0000000709800000, 0x0000000709800000| Untracked 
|  76|0x0000000709800000, 0x0000000709a00000, 0x0000000709a00000|100%| O|  |TAMS 0x0000000709a00000, 0x0000000709a00000| Untracked 
|  77|0x0000000709a00000, 0x0000000709c00000, 0x0000000709c00000|100%| O|  |TAMS 0x0000000709c00000, 0x0000000709c00000| Untracked 
|  78|0x0000000709c00000, 0x0000000709e00000, 0x0000000709e00000|100%| O|  |TAMS 0x0000000709e00000, 0x0000000709e00000| Untracked 
|  79|0x0000000709e00000, 0x000000070a000000, 0x000000070a000000|100%| O|  |TAMS 0x000000070a000000, 0x000000070a000000| Untracked 
|  80|0x000000070a000000, 0x000000070a200000, 0x000000070a200000|100%| O|  |TAMS 0x000000070a200000, 0x000000070a200000| Untracked 
|  81|0x000000070a200000, 0x000000070a400000, 0x000000070a400000|100%| O|  |TAMS 0x000000070a400000, 0x000000070a400000| Untracked 
|  82|0x000000070a400000, 0x000000070a600000, 0x000000070a600000|100%| O|  |TAMS 0x000000070a600000, 0x000000070a600000| Untracked 
|  83|0x000000070a600000, 0x000000070a800000, 0x000000070a800000|100%| O|  |TAMS 0x000000070a800000, 0x000000070a800000| Untracked 
|  84|0x000000070a800000, 0x000000070aa00000, 0x000000070aa00000|100%| O|  |TAMS 0x000000070aa00000, 0x000000070aa00000| Untracked 
|  85|0x000000070aa00000, 0x000000070ac00000, 0x000000070ac00000|100%| O|  |TAMS 0x000000070ac00000, 0x000000070ac00000| Untracked 
|  86|0x000000070ac00000, 0x000000070ae00000, 0x000000070ae00000|100%| O|  |TAMS 0x000000070ae00000, 0x000000070ae00000| Untracked 
|  87|0x000000070ae00000, 0x000000070b000000, 0x000000070b000000|100%| O|  |TAMS 0x000000070b000000, 0x000000070b000000| Untracked 
|  88|0x000000070b000000, 0x000000070b200000, 0x000000070b200000|100%| O|  |TAMS 0x000000070b200000, 0x000000070b200000| Untracked 
|  89|0x000000070b200000, 0x000000070b400000, 0x000000070b400000|100%| O|  |TAMS 0x000000070b400000, 0x000000070b400000| Untracked 
|  90|0x000000070b400000, 0x000000070b600000, 0x000000070b600000|100%| O|  |TAMS 0x000000070b600000, 0x000000070b600000| Untracked 
|  91|0x000000070b600000, 0x000000070b800000, 0x000000070b800000|100%| O|  |TAMS 0x000000070b800000, 0x000000070b800000| Untracked 
|  92|0x000000070b800000, 0x000000070ba00000, 0x000000070ba00000|100%| O|  |TAMS 0x000000070ba00000, 0x000000070ba00000| Untracked 
|  93|0x000000070ba00000, 0x000000070bc00000, 0x000000070bc00000|100%| O|  |TAMS 0x000000070bc00000, 0x000000070bc00000| Untracked 
|  94|0x000000070bc00000, 0x000000070be00000, 0x000000070be00000|100%| O|  |TAMS 0x000000070be00000, 0x000000070be00000| Untracked 
|  95|0x000000070be00000, 0x000000070c000000, 0x000000070c000000|100%| O|  |TAMS 0x000000070c000000, 0x000000070c000000| Untracked 
|  96|0x000000070c000000, 0x000000070c200000, 0x000000070c200000|100%| O|  |TAMS 0x000000070c200000, 0x000000070c200000| Untracked 
|  97|0x000000070c200000, 0x000000070c400000, 0x000000070c400000|100%| O|  |TAMS 0x000000070c400000, 0x000000070c400000| Untracked 
|  98|0x000000070c400000, 0x000000070c600000, 0x000000070c600000|100%| O|  |TAMS 0x000000070c600000, 0x000000070c600000| Untracked 
|  99|0x000000070c600000, 0x000000070c800000, 0x000000070c800000|100%| O|  |TAMS 0x000000070c600000, 0x000000070c800000| Untracked 
| 100|0x000000070c800000, 0x000000070ca00000, 0x000000070ca00000|100%| O|  |TAMS 0x000000070ca00000, 0x000000070ca00000| Untracked 
| 101|0x000000070ca00000, 0x000000070cc00000, 0x000000070cc00000|100%|HS|  |TAMS 0x000000070cc00000, 0x000000070cc00000| Complete 
| 102|0x000000070cc00000, 0x000000070ce00000, 0x000000070ce00000|100%| O|  |TAMS 0x000000070cc00000, 0x000000070ce00000| Untracked 
| 103|0x000000070ce00000, 0x000000070d000000, 0x000000070d000000|100%| O|  |TAMS 0x000000070ce00000, 0x000000070d000000| Untracked 
| 104|0x000000070d000000, 0x000000070d200000, 0x000000070d200000|100%| O|  |TAMS 0x000000070d000000, 0x000000070d200000| Untracked 
| 105|0x000000070d200000, 0x000000070d400000, 0x000000070d400000|100%| O|  |TAMS 0x000000070d400000, 0x000000070d400000| Untracked 
| 106|0x000000070d400000, 0x000000070d600000, 0x000000070d600000|100%| O|  |TAMS 0x000000070d600000, 0x000000070d600000| Untracked 
| 107|0x000000070d600000, 0x000000070d800000, 0x000000070d800000|100%| O|  |TAMS 0x000000070d800000, 0x000000070d800000| Untracked 
| 108|0x000000070d800000, 0x000000070da00000, 0x000000070da00000|100%| O|  |TAMS 0x000000070da00000, 0x000000070da00000| Untracked 
| 109|0x000000070da00000, 0x000000070dc00000, 0x000000070dc00000|100%| O|  |TAMS 0x000000070dc00000, 0x000000070dc00000| Untracked 
| 110|0x000000070dc00000, 0x000000070de00000, 0x000000070de00000|100%| O|  |TAMS 0x000000070dda4600, 0x000000070de00000| Untracked 
| 111|0x000000070de00000, 0x000000070e000000, 0x000000070e000000|100%| O|  |TAMS 0x000000070de00000, 0x000000070e000000| Untracked 
| 112|0x000000070e000000, 0x000000070e200000, 0x000000070e200000|100%| O|  |TAMS 0x000000070e000000, 0x000000070e200000| Untracked 
| 113|0x000000070e200000, 0x000000070e400000, 0x000000070e400000|100%| O|  |TAMS 0x000000070e200000, 0x000000070e400000| Untracked 
| 114|0x000000070e400000, 0x000000070e600000, 0x000000070e600000|100%| O|  |TAMS 0x000000070e400000, 0x000000070e600000| Untracked 
| 115|0x000000070e600000, 0x000000070e800000, 0x000000070e800000|100%| O|  |TAMS 0x000000070e600000, 0x000000070e800000| Untracked 
| 116|0x000000070e800000, 0x000000070ea00000, 0x000000070ea00000|100%| O|  |TAMS 0x000000070e800000, 0x000000070ea00000| Untracked 
| 117|0x000000070ea00000, 0x000000070ec00000, 0x000000070ec00000|100%| O|  |TAMS 0x000000070ea00000, 0x000000070ec00000| Untracked 
| 118|0x000000070ec00000, 0x000000070ee00000, 0x000000070ee00000|100%| O|  |TAMS 0x000000070ec00000, 0x000000070ee00000| Untracked 
| 119|0x000000070ee00000, 0x000000070f000000, 0x000000070f000000|100%| O|  |TAMS 0x000000070ee00000, 0x000000070f000000| Untracked 
| 120|0x000000070f000000, 0x000000070f200000, 0x000000070f200000|100%| O|  |TAMS 0x000000070f000000, 0x000000070f200000| Untracked 
| 121|0x000000070f200000, 0x000000070f400000, 0x000000070f400000|100%| O|  |TAMS 0x000000070f200000, 0x000000070f400000| Untracked 
| 122|0x000000070f400000, 0x000000070f600000, 0x000000070f600000|100%| O|  |TAMS 0x000000070f400000, 0x000000070f600000| Untracked 
| 123|0x000000070f600000, 0x000000070f800000, 0x000000070f800000|100%| O|  |TAMS 0x000000070f600000, 0x000000070f800000| Untracked 
| 124|0x000000070f800000, 0x000000070fa00000, 0x000000070fa00000|100%| O|  |TAMS 0x000000070f800000, 0x000000070fa00000| Untracked 
| 125|0x000000070fa00000, 0x000000070fc00000, 0x000000070fc00000|100%| O|  |TAMS 0x000000070fa00000, 0x000000070fc00000| Untracked 
| 126|0x000000070fc00000, 0x000000070fe00000, 0x000000070fe00000|100%| O|  |TAMS 0x000000070fc00000, 0x000000070fe00000| Untracked 
| 127|0x000000070fe00000, 0x0000000710000000, 0x0000000710000000|100%| O|  |TAMS 0x000000070fe00000, 0x0000000710000000| Untracked 
| 128|0x0000000710000000, 0x0000000710200000, 0x0000000710200000|100%| O|  |TAMS 0x0000000710000000, 0x0000000710200000| Untracked 
| 129|0x0000000710200000, 0x0000000710400000, 0x0000000710400000|100%| O|  |TAMS 0x0000000710200000, 0x0000000710400000| Untracked 
| 130|0x0000000710400000, 0x0000000710600000, 0x0000000710600000|100%| O|  |TAMS 0x0000000710400000, 0x0000000710600000| Untracked 
| 131|0x0000000710600000, 0x0000000710800000, 0x0000000710800000|100%| O|  |TAMS 0x0000000710600000, 0x0000000710800000| Untracked 
| 132|0x0000000710800000, 0x0000000710a00000, 0x0000000710a00000|100%| O|  |TAMS 0x0000000710800000, 0x0000000710a00000| Untracked 
| 133|0x0000000710a00000, 0x0000000710c00000, 0x0000000710c00000|100%| O|  |TAMS 0x0000000710a00000, 0x0000000710c00000| Untracked 
| 134|0x0000000710c00000, 0x0000000710e00000, 0x0000000710e00000|100%| O|  |TAMS 0x0000000710c00000, 0x0000000710e00000| Untracked 
| 135|0x0000000710e00000, 0x0000000711000000, 0x0000000711000000|100%| O|  |TAMS 0x0000000710e00000, 0x0000000711000000| Untracked 
| 136|0x0000000711000000, 0x0000000711200000, 0x0000000711200000|100%| O|  |TAMS 0x0000000711000000, 0x0000000711200000| Untracked 
| 137|0x0000000711200000, 0x0000000711400000, 0x0000000711400000|100%| O|  |TAMS 0x0000000711200000, 0x0000000711400000| Untracked 
| 138|0x0000000711400000, 0x0000000711600000, 0x0000000711600000|100%| O|  |TAMS 0x0000000711400000, 0x0000000711600000| Untracked 
| 139|0x0000000711600000, 0x0000000711800000, 0x0000000711800000|100%| O|  |TAMS 0x0000000711600000, 0x0000000711800000| Untracked 
| 140|0x0000000711800000, 0x0000000711a00000, 0x0000000711a00000|100%| O|  |TAMS 0x0000000711800000, 0x0000000711a00000| Untracked 
| 141|0x0000000711a00000, 0x0000000711c00000, 0x0000000711c00000|100%| O|  |TAMS 0x0000000711a00000, 0x0000000711c00000| Untracked 
| 142|0x0000000711c00000, 0x0000000711e00000, 0x0000000711e00000|100%| O|  |TAMS 0x0000000711c00000, 0x0000000711e00000| Untracked 
| 143|0x0000000711e00000, 0x0000000712000000, 0x0000000712000000|100%| O|  |TAMS 0x0000000711e00000, 0x0000000712000000| Untracked 
| 144|0x0000000712000000, 0x0000000712200000, 0x0000000712200000|100%| O|  |TAMS 0x0000000712000000, 0x0000000712200000| Untracked 
| 145|0x0000000712200000, 0x0000000712400000, 0x0000000712400000|100%| O|  |TAMS 0x0000000712200000, 0x0000000712400000| Untracked 
| 146|0x0000000712400000, 0x0000000712600000, 0x0000000712600000|100%| O|  |TAMS 0x0000000712400000, 0x0000000712600000| Untracked 
| 147|0x0000000712600000, 0x0000000712800000, 0x0000000712800000|100%| O|  |TAMS 0x0000000712600000, 0x0000000712800000| Untracked 
| 148|0x0000000712800000, 0x0000000712a00000, 0x0000000712a00000|100%| O|  |TAMS 0x0000000712800000, 0x0000000712a00000| Untracked 
| 149|0x0000000712a00000, 0x0000000712c00000, 0x0000000712c00000|100%| O|  |TAMS 0x0000000712a00000, 0x0000000712c00000| Untracked 
| 150|0x0000000712c00000, 0x0000000712e00000, 0x0000000712e00000|100%| O|  |TAMS 0x0000000712c00000, 0x0000000712e00000| Untracked 
| 151|0x0000000712e00000, 0x0000000713000000, 0x0000000713000000|100%| O|  |TAMS 0x0000000712e00000, 0x0000000713000000| Untracked 
| 152|0x0000000713000000, 0x0000000713200000, 0x0000000713200000|100%| O|  |TAMS 0x0000000713000000, 0x0000000713200000| Untracked 
| 153|0x0000000713200000, 0x0000000713400000, 0x0000000713400000|100%| O|  |TAMS 0x0000000713200000, 0x0000000713400000| Untracked 
| 154|0x0000000713400000, 0x0000000713600000, 0x0000000713600000|100%| O|  |TAMS 0x0000000713400000, 0x0000000713600000| Untracked 
| 155|0x0000000713600000, 0x0000000713800000, 0x0000000713800000|100%| O|  |TAMS 0x0000000713600000, 0x0000000713800000| Untracked 
| 156|0x0000000713800000, 0x0000000713a00000, 0x0000000713a00000|100%| O|  |TAMS 0x0000000713800000, 0x0000000713a00000| Untracked 
| 157|0x0000000713a00000, 0x0000000713c00000, 0x0000000713c00000|100%| O|  |TAMS 0x0000000713a00000, 0x0000000713c00000| Untracked 
| 158|0x0000000713c00000, 0x0000000713e00000, 0x0000000713e00000|100%| O|  |TAMS 0x0000000713c00000, 0x0000000713e00000| Untracked 
| 159|0x0000000713e00000, 0x0000000714000000, 0x0000000714000000|100%| O|  |TAMS 0x0000000713e00000, 0x0000000714000000| Untracked 
| 160|0x0000000714000000, 0x0000000714200000, 0x0000000714200000|100%| O|  |TAMS 0x0000000714000000, 0x0000000714200000| Untracked 
| 161|0x0000000714200000, 0x0000000714400000, 0x0000000714400000|100%| O|  |TAMS 0x0000000714200000, 0x0000000714400000| Untracked 
| 162|0x0000000714400000, 0x0000000714600000, 0x0000000714600000|100%| O|  |TAMS 0x0000000714400000, 0x0000000714600000| Untracked 
| 163|0x0000000714600000, 0x0000000714800000, 0x0000000714800000|100%| O|  |TAMS 0x0000000714600000, 0x0000000714800000| Untracked 
| 164|0x0000000714800000, 0x0000000714a00000, 0x0000000714a00000|100%| O|  |TAMS 0x0000000714800000, 0x0000000714a00000| Untracked 
| 165|0x0000000714a00000, 0x0000000714c00000, 0x0000000714c00000|100%| O|  |TAMS 0x0000000714a00000, 0x0000000714c00000| Untracked 
| 166|0x0000000714c00000, 0x0000000714e00000, 0x0000000714e00000|100%| O|  |TAMS 0x0000000714c00000, 0x0000000714e00000| Untracked 
| 167|0x0000000714e00000, 0x0000000715000000, 0x0000000715000000|100%| O|  |TAMS 0x0000000714e00000, 0x0000000715000000| Untracked 
| 168|0x0000000715000000, 0x0000000715200000, 0x0000000715200000|100%| O|  |TAMS 0x0000000715000000, 0x0000000715200000| Untracked 
| 169|0x0000000715200000, 0x0000000715400000, 0x0000000715400000|100%| O|  |TAMS 0x0000000715200000, 0x0000000715400000| Untracked 
| 170|0x0000000715400000, 0x0000000715600000, 0x0000000715600000|100%| O|  |TAMS 0x0000000715400000, 0x0000000715600000| Untracked 
| 171|0x0000000715600000, 0x0000000715800000, 0x0000000715800000|100%| O|  |TAMS 0x0000000715600000, 0x0000000715800000| Untracked 
| 172|0x0000000715800000, 0x0000000715a00000, 0x0000000715a00000|100%| O|  |TAMS 0x0000000715800000, 0x0000000715a00000| Untracked 
| 173|0x0000000715a00000, 0x0000000715c00000, 0x0000000715c00000|100%| O|  |TAMS 0x0000000715a00000, 0x0000000715c00000| Untracked 
| 174|0x0000000715c00000, 0x0000000715e00000, 0x0000000715e00000|100%| O|  |TAMS 0x0000000715c00000, 0x0000000715e00000| Untracked 
| 175|0x0000000715e00000, 0x0000000716000000, 0x0000000716000000|100%| O|  |TAMS 0x0000000715e00000, 0x0000000716000000| Untracked 
| 176|0x0000000716000000, 0x0000000716200000, 0x0000000716200000|100%| O|  |TAMS 0x0000000716000000, 0x0000000716200000| Untracked 
| 177|0x0000000716200000, 0x0000000716400000, 0x0000000716400000|100%| O|  |TAMS 0x0000000716200000, 0x0000000716400000| Untracked 
| 178|0x0000000716400000, 0x0000000716600000, 0x0000000716600000|100%| O|  |TAMS 0x0000000716400000, 0x0000000716600000| Untracked 
| 179|0x0000000716600000, 0x0000000716800000, 0x0000000716800000|100%| O|  |TAMS 0x0000000716600000, 0x0000000716800000| Untracked 
| 180|0x0000000716800000, 0x0000000716a00000, 0x0000000716a00000|100%| O|  |TAMS 0x0000000716800000, 0x0000000716a00000| Untracked 
| 181|0x0000000716a00000, 0x0000000716c00000, 0x0000000716c00000|100%| O|  |TAMS 0x0000000716a00000, 0x0000000716c00000| Untracked 
| 182|0x0000000716c00000, 0x0000000716e00000, 0x0000000716e00000|100%| O|  |TAMS 0x0000000716c00000, 0x0000000716e00000| Untracked 
| 183|0x0000000716e00000, 0x0000000717000000, 0x0000000717000000|100%| O|  |TAMS 0x0000000716e00000, 0x0000000717000000| Untracked 
| 184|0x0000000717000000, 0x0000000717200000, 0x0000000717200000|100%| O|  |TAMS 0x0000000717000000, 0x0000000717200000| Untracked 
| 185|0x0000000717200000, 0x0000000717400000, 0x0000000717400000|100%| O|  |TAMS 0x0000000717200000, 0x0000000717400000| Untracked 
| 186|0x0000000717400000, 0x0000000717600000, 0x0000000717600000|100%| O|  |TAMS 0x0000000717400000, 0x0000000717600000| Untracked 
| 187|0x0000000717600000, 0x0000000717800000, 0x0000000717800000|100%| O|  |TAMS 0x0000000717600000, 0x0000000717800000| Untracked 
| 188|0x0000000717800000, 0x0000000717a00000, 0x0000000717a00000|100%| O|  |TAMS 0x0000000717800000, 0x0000000717a00000| Untracked 
| 189|0x0000000717a00000, 0x0000000717c00000, 0x0000000717c00000|100%| O|  |TAMS 0x0000000717a00000, 0x0000000717c00000| Untracked 
| 190|0x0000000717c00000, 0x0000000717e00000, 0x0000000717e00000|100%| O|  |TAMS 0x0000000717c00000, 0x0000000717e00000| Untracked 
| 191|0x0000000717e00000, 0x0000000718000000, 0x0000000718000000|100%| O|  |TAMS 0x0000000717e00000, 0x0000000718000000| Untracked 
| 192|0x0000000718000000, 0x0000000718200000, 0x0000000718200000|100%| O|  |TAMS 0x0000000718000000, 0x0000000718200000| Untracked 
| 193|0x0000000718200000, 0x0000000718400000, 0x0000000718400000|100%| O|  |TAMS 0x0000000718200000, 0x0000000718400000| Untracked 
| 194|0x0000000718400000, 0x0000000718600000, 0x0000000718600000|100%| O|  |TAMS 0x0000000718400000, 0x0000000718600000| Untracked 
| 195|0x0000000718600000, 0x0000000718800000, 0x0000000718800000|100%| O|  |TAMS 0x0000000718600000, 0x0000000718800000| Untracked 
| 196|0x0000000718800000, 0x0000000718a00000, 0x0000000718a00000|100%| O|  |TAMS 0x0000000718800000, 0x0000000718a00000| Untracked 
| 197|0x0000000718a00000, 0x0000000718c00000, 0x0000000718c00000|100%| O|  |TAMS 0x0000000718a00000, 0x0000000718c00000| Untracked 
| 198|0x0000000718c00000, 0x0000000718e00000, 0x0000000718e00000|100%| O|  |TAMS 0x0000000718c00000, 0x0000000718e00000| Untracked 
| 199|0x0000000718e00000, 0x0000000719000000, 0x0000000719000000|100%| O|  |TAMS 0x0000000718e00000, 0x0000000719000000| Untracked 
| 200|0x0000000719000000, 0x0000000719200000, 0x0000000719200000|100%| O|  |TAMS 0x0000000719000000, 0x0000000719200000| Untracked 
| 201|0x0000000719200000, 0x0000000719400000, 0x0000000719400000|100%| O|  |TAMS 0x0000000719200000, 0x0000000719400000| Untracked 
| 202|0x0000000719400000, 0x0000000719600000, 0x0000000719600000|100%| O|  |TAMS 0x0000000719400000, 0x0000000719600000| Untracked 
| 203|0x0000000719600000, 0x0000000719800000, 0x0000000719800000|100%| O|  |TAMS 0x0000000719600000, 0x0000000719800000| Untracked 
| 204|0x0000000719800000, 0x0000000719a00000, 0x0000000719a00000|100%| O|  |TAMS 0x0000000719800000, 0x0000000719a00000| Untracked 
| 205|0x0000000719a00000, 0x0000000719c00000, 0x0000000719c00000|100%| O|  |TAMS 0x0000000719a00000, 0x0000000719c00000| Untracked 
| 206|0x0000000719c00000, 0x0000000719e00000, 0x0000000719e00000|100%| O|  |TAMS 0x0000000719c00000, 0x0000000719e00000| Untracked 
| 207|0x0000000719e00000, 0x000000071a000000, 0x000000071a000000|100%| O|  |TAMS 0x0000000719e00000, 0x000000071a000000| Untracked 
| 208|0x000000071a000000, 0x000000071a200000, 0x000000071a200000|100%| O|  |TAMS 0x000000071a000000, 0x000000071a200000| Untracked 
| 209|0x000000071a200000, 0x000000071a400000, 0x000000071a400000|100%| O|  |TAMS 0x000000071a200000, 0x000000071a400000| Untracked 
| 210|0x000000071a400000, 0x000000071a600000, 0x000000071a600000|100%| O|  |TAMS 0x000000071a400000, 0x000000071a600000| Untracked 
| 211|0x000000071a600000, 0x000000071a800000, 0x000000071a800000|100%| O|  |TAMS 0x000000071a600000, 0x000000071a800000| Untracked 
| 212|0x000000071a800000, 0x000000071aa00000, 0x000000071aa00000|100%| O|  |TAMS 0x000000071a800000, 0x000000071aa00000| Untracked 
| 213|0x000000071aa00000, 0x000000071ac00000, 0x000000071ac00000|100%| O|  |TAMS 0x000000071aa00000, 0x000000071ac00000| Untracked 
| 214|0x000000071ac00000, 0x000000071ae00000, 0x000000071ae00000|100%|HS|  |TAMS 0x000000071ac00000, 0x000000071ae00000| Complete 
| 215|0x000000071ae00000, 0x000000071b000000, 0x000000071b000000|100%| O|  |TAMS 0x000000071ae00000, 0x000000071b000000| Untracked 
| 216|0x000000071b000000, 0x000000071b200000, 0x000000071b200000|100%| O|  |TAMS 0x000000071b000000, 0x000000071b200000| Untracked 
| 217|0x000000071b200000, 0x000000071b400000, 0x000000071b400000|100%| O|  |TAMS 0x000000071b200000, 0x000000071b400000| Untracked 
| 218|0x000000071b400000, 0x000000071b600000, 0x000000071b600000|100%| O|  |TAMS 0x000000071b400000, 0x000000071b600000| Untracked 
| 219|0x000000071b600000, 0x000000071b800000, 0x000000071b800000|100%| O|  |TAMS 0x000000071b600000, 0x000000071b800000| Untracked 
| 220|0x000000071b800000, 0x000000071ba00000, 0x000000071ba00000|100%| O|  |TAMS 0x000000071b800000, 0x000000071ba00000| Untracked 
| 221|0x000000071ba00000, 0x000000071bc00000, 0x000000071bc00000|100%| O|  |TAMS 0x000000071ba00000, 0x000000071bc00000| Untracked 
| 222|0x000000071bc00000, 0x000000071be00000, 0x000000071be00000|100%| O|  |TAMS 0x000000071bc00000, 0x000000071be00000| Untracked 
| 223|0x000000071be00000, 0x000000071c000000, 0x000000071c000000|100%| O|  |TAMS 0x000000071be00000, 0x000000071c000000| Untracked 
| 224|0x000000071c000000, 0x000000071c200000, 0x000000071c200000|100%| O|  |TAMS 0x000000071c000000, 0x000000071c200000| Untracked 
| 225|0x000000071c200000, 0x000000071c400000, 0x000000071c400000|100%| O|  |TAMS 0x000000071c200000, 0x000000071c400000| Untracked 
| 226|0x000000071c400000, 0x000000071c600000, 0x000000071c600000|100%| O|  |TAMS 0x000000071c400000, 0x000000071c600000| Untracked 
| 227|0x000000071c600000, 0x000000071c800000, 0x000000071c800000|100%| O|  |TAMS 0x000000071c600000, 0x000000071c800000| Untracked 
| 228|0x000000071c800000, 0x000000071ca00000, 0x000000071ca00000|100%| O|  |TAMS 0x000000071c800000, 0x000000071ca00000| Untracked 
| 229|0x000000071ca00000, 0x000000071cc00000, 0x000000071cc00000|100%| O|  |TAMS 0x000000071ca00000, 0x000000071cc00000| Untracked 
| 230|0x000000071cc00000, 0x000000071ce00000, 0x000000071ce00000|100%| O|  |TAMS 0x000000071cc00000, 0x000000071ce00000| Untracked 
| 231|0x000000071ce00000, 0x000000071d000000, 0x000000071d000000|100%| O|  |TAMS 0x000000071ce00000, 0x000000071d000000| Untracked 
| 232|0x000000071d000000, 0x000000071d200000, 0x000000071d200000|100%| O|  |TAMS 0x000000071d000000, 0x000000071d200000| Untracked 
| 233|0x000000071d200000, 0x000000071d400000, 0x000000071d400000|100%| O|  |TAMS 0x000000071d200000, 0x000000071d400000| Untracked 
| 234|0x000000071d400000, 0x000000071d600000, 0x000000071d600000|100%| O|  |TAMS 0x000000071d400000, 0x000000071d600000| Untracked 
| 235|0x000000071d600000, 0x000000071d800000, 0x000000071d800000|100%| O|  |TAMS 0x000000071d600000, 0x000000071d800000| Untracked 
| 236|0x000000071d800000, 0x000000071da00000, 0x000000071da00000|100%| O|  |TAMS 0x000000071d800000, 0x000000071da00000| Untracked 
| 237|0x000000071da00000, 0x000000071dc00000, 0x000000071dc00000|100%| O|  |TAMS 0x000000071da00000, 0x000000071dc00000| Untracked 
| 238|0x000000071dc00000, 0x000000071de00000, 0x000000071de00000|100%| O|  |TAMS 0x000000071dc00000, 0x000000071de00000| Untracked 
| 239|0x000000071de00000, 0x000000071e000000, 0x000000071e000000|100%| O|  |TAMS 0x000000071de00000, 0x000000071e000000| Untracked 
| 240|0x000000071e000000, 0x000000071e200000, 0x000000071e200000|100%| O|  |TAMS 0x000000071e000000, 0x000000071e200000| Untracked 
| 241|0x000000071e200000, 0x000000071e400000, 0x000000071e400000|100%| O|  |TAMS 0x000000071e200000, 0x000000071e400000| Untracked 
| 242|0x000000071e400000, 0x000000071e600000, 0x000000071e600000|100%| O|  |TAMS 0x000000071e400000, 0x000000071e600000| Untracked 
| 243|0x000000071e600000, 0x000000071e800000, 0x000000071e800000|100%| O|  |TAMS 0x000000071e600000, 0x000000071e800000| Untracked 
| 244|0x000000071e800000, 0x000000071ea00000, 0x000000071ea00000|100%| O|  |TAMS 0x000000071e800000, 0x000000071ea00000| Untracked 
| 245|0x000000071ea00000, 0x000000071ec00000, 0x000000071ec00000|100%| O|  |TAMS 0x000000071ea00000, 0x000000071ec00000| Untracked 
| 246|0x000000071ec00000, 0x000000071ee00000, 0x000000071ee00000|100%| O|  |TAMS 0x000000071ec00000, 0x000000071ee00000| Untracked 
| 247|0x000000071ee00000, 0x000000071f000000, 0x000000071f000000|100%| O|  |TAMS 0x000000071ee00000, 0x000000071f000000| Untracked 
| 248|0x000000071f000000, 0x000000071f200000, 0x000000071f200000|100%| O|  |TAMS 0x000000071f000000, 0x000000071f200000| Untracked 
| 249|0x000000071f200000, 0x000000071f400000, 0x000000071f400000|100%| O|  |TAMS 0x000000071f200000, 0x000000071f400000| Untracked 
| 250|0x000000071f400000, 0x000000071f600000, 0x000000071f600000|100%| O|  |TAMS 0x000000071f400000, 0x000000071f600000| Untracked 
| 251|0x000000071f600000, 0x000000071f800000, 0x000000071f800000|100%| O|  |TAMS 0x000000071f600000, 0x000000071f800000| Untracked 
| 252|0x000000071f800000, 0x000000071fa00000, 0x000000071fa00000|100%| O|  |TAMS 0x000000071f800000, 0x000000071fa00000| Untracked 
| 253|0x000000071fa00000, 0x000000071fc00000, 0x000000071fc00000|100%| O|  |TAMS 0x000000071fa00000, 0x000000071fc00000| Untracked 
| 254|0x000000071fc00000, 0x000000071fe00000, 0x000000071fe00000|100%| O|  |TAMS 0x000000071fc00000, 0x000000071fe00000| Untracked 
| 255|0x000000071fe00000, 0x0000000720000000, 0x0000000720000000|100%| O|  |TAMS 0x000000071fe00000, 0x0000000720000000| Untracked 
| 256|0x0000000720000000, 0x0000000720200000, 0x0000000720200000|100%| O|  |TAMS 0x0000000720000000, 0x0000000720200000| Untracked 
| 257|0x0000000720200000, 0x0000000720400000, 0x0000000720400000|100%| O|  |TAMS 0x0000000720200000, 0x0000000720400000| Untracked 
| 258|0x0000000720400000, 0x0000000720600000, 0x0000000720600000|100%| O|  |TAMS 0x0000000720400000, 0x0000000720600000| Untracked 
| 259|0x0000000720600000, 0x0000000720800000, 0x0000000720800000|100%| O|  |TAMS 0x0000000720600000, 0x0000000720800000| Untracked 
| 260|0x0000000720800000, 0x0000000720a00000, 0x0000000720a00000|100%| O|  |TAMS 0x0000000720800000, 0x0000000720a00000| Untracked 
| 261|0x0000000720a00000, 0x0000000720c00000, 0x0000000720c00000|100%| O|  |TAMS 0x0000000720a00000, 0x0000000720c00000| Untracked 
| 262|0x0000000720c00000, 0x0000000720e00000, 0x0000000720e00000|100%| O|  |TAMS 0x0000000720c00000, 0x0000000720e00000| Untracked 
| 263|0x0000000720e00000, 0x0000000721000000, 0x0000000721000000|100%| O|  |TAMS 0x0000000720e00000, 0x0000000721000000| Untracked 
| 264|0x0000000721000000, 0x0000000721200000, 0x0000000721200000|100%| O|  |TAMS 0x0000000721000000, 0x0000000721200000| Untracked 
| 265|0x0000000721200000, 0x0000000721400000, 0x0000000721400000|100%| O|  |TAMS 0x0000000721200000, 0x0000000721400000| Untracked 
| 266|0x0000000721400000, 0x0000000721600000, 0x0000000721600000|100%|HS|  |TAMS 0x0000000721400000, 0x0000000721600000| Complete 
| 267|0x0000000721600000, 0x0000000721800000, 0x0000000721800000|100%| O|  |TAMS 0x0000000721600000, 0x0000000721800000| Untracked 
| 268|0x0000000721800000, 0x0000000721a00000, 0x0000000721a00000|100%| O|  |TAMS 0x0000000721800000, 0x0000000721a00000| Untracked 
| 269|0x0000000721a00000, 0x0000000721c00000, 0x0000000721c00000|100%| O|  |TAMS 0x0000000721a00000, 0x0000000721c00000| Untracked 
| 270|0x0000000721c00000, 0x0000000721e00000, 0x0000000721e00000|100%| O|  |TAMS 0x0000000721c00000, 0x0000000721e00000| Untracked 
| 271|0x0000000721e00000, 0x0000000722000000, 0x0000000722000000|100%| O|  |TAMS 0x0000000721e00000, 0x0000000722000000| Untracked 
| 272|0x0000000722000000, 0x0000000722200000, 0x0000000722200000|100%| O|  |TAMS 0x0000000722000000, 0x0000000722200000| Untracked 
| 273|0x0000000722200000, 0x0000000722400000, 0x0000000722400000|100%| O|  |TAMS 0x0000000722200000, 0x0000000722400000| Untracked 
| 274|0x0000000722400000, 0x0000000722600000, 0x0000000722600000|100%| O|  |TAMS 0x0000000722400000, 0x0000000722600000| Untracked 
| 275|0x0000000722600000, 0x0000000722800000, 0x0000000722800000|100%| O|  |TAMS 0x0000000722600000, 0x0000000722800000| Untracked 
| 276|0x0000000722800000, 0x0000000722a00000, 0x0000000722a00000|100%| O|  |TAMS 0x0000000722800000, 0x0000000722a00000| Untracked 
| 277|0x0000000722a00000, 0x0000000722c00000, 0x0000000722c00000|100%| O|  |TAMS 0x0000000722a00000, 0x0000000722c00000| Untracked 
| 278|0x0000000722c00000, 0x0000000722e00000, 0x0000000722e00000|100%| O|  |TAMS 0x0000000722c00000, 0x0000000722e00000| Untracked 
| 279|0x0000000722e00000, 0x0000000723000000, 0x0000000723000000|100%| O|  |TAMS 0x0000000722e00000, 0x0000000723000000| Untracked 
| 280|0x0000000723000000, 0x0000000723200000, 0x0000000723200000|100%| O|  |TAMS 0x0000000723000000, 0x0000000723200000| Untracked 
| 281|0x0000000723200000, 0x0000000723400000, 0x0000000723400000|100%| O|  |TAMS 0x0000000723200000, 0x0000000723400000| Untracked 
| 282|0x0000000723400000, 0x0000000723600000, 0x0000000723600000|100%| O|  |TAMS 0x0000000723400000, 0x0000000723600000| Untracked 
| 283|0x0000000723600000, 0x0000000723800000, 0x0000000723800000|100%| O|  |TAMS 0x0000000723600000, 0x0000000723800000| Untracked 
| 284|0x0000000723800000, 0x0000000723a00000, 0x0000000723a00000|100%| O|  |TAMS 0x0000000723800000, 0x0000000723a00000| Untracked 
| 285|0x0000000723a00000, 0x0000000723c00000, 0x0000000723c00000|100%| O|  |TAMS 0x0000000723a00000, 0x0000000723c00000| Untracked 
| 286|0x0000000723c00000, 0x0000000723e00000, 0x0000000723e00000|100%| O|  |TAMS 0x0000000723c00000, 0x0000000723e00000| Untracked 
| 287|0x0000000723e00000, 0x0000000724000000, 0x0000000724000000|100%| O|  |TAMS 0x0000000723e00000, 0x0000000724000000| Untracked 
| 288|0x0000000724000000, 0x0000000724200000, 0x0000000724200000|100%| O|  |TAMS 0x0000000724000000, 0x0000000724200000| Untracked 
| 289|0x0000000724200000, 0x0000000724400000, 0x0000000724400000|100%| O|  |TAMS 0x0000000724200000, 0x0000000724400000| Untracked 
| 290|0x0000000724400000, 0x0000000724600000, 0x0000000724600000|100%| O|  |TAMS 0x0000000724400000, 0x0000000724600000| Untracked 
| 291|0x0000000724600000, 0x0000000724800000, 0x0000000724800000|100%| O|  |TAMS 0x0000000724600000, 0x0000000724800000| Untracked 
| 292|0x0000000724800000, 0x0000000724a00000, 0x0000000724a00000|100%| O|  |TAMS 0x0000000724800000, 0x0000000724a00000| Untracked 
| 293|0x0000000724a00000, 0x0000000724c00000, 0x0000000724c00000|100%| O|  |TAMS 0x0000000724a00000, 0x0000000724c00000| Untracked 
| 294|0x0000000724c00000, 0x0000000724e00000, 0x0000000724e00000|100%| O|  |TAMS 0x0000000724c00000, 0x0000000724e00000| Untracked 
| 295|0x0000000724e00000, 0x0000000725000000, 0x0000000725000000|100%| O|  |TAMS 0x0000000724e00000, 0x0000000725000000| Untracked 
| 296|0x0000000725000000, 0x0000000725200000, 0x0000000725200000|100%| O|  |TAMS 0x0000000725000000, 0x0000000725200000| Untracked 
| 297|0x0000000725200000, 0x0000000725400000, 0x0000000725400000|100%| O|  |TAMS 0x0000000725200000, 0x0000000725400000| Untracked 
| 298|0x0000000725400000, 0x0000000725600000, 0x0000000725600000|100%| O|  |TAMS 0x0000000725400000, 0x0000000725600000| Untracked 
| 299|0x0000000725600000, 0x0000000725800000, 0x0000000725800000|100%| O|  |TAMS 0x0000000725600000, 0x0000000725800000| Untracked 
| 300|0x0000000725800000, 0x0000000725a00000, 0x0000000725a00000|100%| O|  |TAMS 0x0000000725800000, 0x0000000725a00000| Untracked 
| 301|0x0000000725a00000, 0x0000000725c00000, 0x0000000725c00000|100%| O|  |TAMS 0x0000000725a00000, 0x0000000725c00000| Untracked 
| 302|0x0000000725c00000, 0x0000000725e00000, 0x0000000725e00000|100%| O|  |TAMS 0x0000000725c00000, 0x0000000725e00000| Untracked 
| 303|0x0000000725e00000, 0x0000000726000000, 0x0000000726000000|100%| O|  |TAMS 0x0000000725e00000, 0x0000000726000000| Untracked 
| 304|0x0000000726000000, 0x0000000726200000, 0x0000000726200000|100%| O|  |TAMS 0x0000000726000000, 0x0000000726200000| Untracked 
| 305|0x0000000726200000, 0x0000000726400000, 0x0000000726400000|100%| O|  |TAMS 0x0000000726200000, 0x0000000726400000| Untracked 
| 306|0x0000000726400000, 0x0000000726600000, 0x0000000726600000|100%| O|  |TAMS 0x0000000726400000, 0x0000000726600000| Untracked 
| 307|0x0000000726600000, 0x0000000726800000, 0x0000000726800000|100%| O|  |TAMS 0x0000000726600000, 0x0000000726800000| Untracked 
| 308|0x0000000726800000, 0x0000000726a00000, 0x0000000726a00000|100%| O|  |TAMS 0x0000000726800000, 0x0000000726a00000| Untracked 
| 309|0x0000000726a00000, 0x0000000726c00000, 0x0000000726c00000|100%| O|  |TAMS 0x0000000726a00000, 0x0000000726c00000| Untracked 
| 310|0x0000000726c00000, 0x0000000726e00000, 0x0000000726e00000|100%| O|  |TAMS 0x0000000726c00000, 0x0000000726e00000| Untracked 
| 311|0x0000000726e00000, 0x0000000727000000, 0x0000000727000000|100%| O|  |TAMS 0x0000000726e00000, 0x0000000727000000| Untracked 
| 312|0x0000000727000000, 0x0000000727200000, 0x0000000727200000|100%| O|  |TAMS 0x0000000727000000, 0x0000000727200000| Untracked 
| 313|0x0000000727200000, 0x0000000727400000, 0x0000000727400000|100%| O|  |TAMS 0x0000000727200000, 0x0000000727400000| Untracked 
| 314|0x0000000727400000, 0x0000000727600000, 0x0000000727600000|100%| O|  |TAMS 0x0000000727400000, 0x0000000727600000| Untracked 
| 315|0x0000000727600000, 0x0000000727800000, 0x0000000727800000|100%| O|  |TAMS 0x0000000727600000, 0x0000000727800000| Untracked 
| 316|0x0000000727800000, 0x0000000727a00000, 0x0000000727a00000|100%| O|  |TAMS 0x0000000727800000, 0x0000000727a00000| Untracked 
| 317|0x0000000727a00000, 0x0000000727c00000, 0x0000000727c00000|100%| O|  |TAMS 0x0000000727a00000, 0x0000000727c00000| Untracked 
| 318|0x0000000727c00000, 0x0000000727e00000, 0x0000000727e00000|100%| O|  |TAMS 0x0000000727c00000, 0x0000000727e00000| Untracked 
| 319|0x0000000727e00000, 0x0000000728000000, 0x0000000728000000|100%| O|  |TAMS 0x0000000727e00000, 0x0000000728000000| Untracked 
| 320|0x0000000728000000, 0x0000000728200000, 0x0000000728200000|100%| O|  |TAMS 0x0000000728000000, 0x0000000728200000| Untracked 
| 321|0x0000000728200000, 0x0000000728400000, 0x0000000728400000|100%| O|  |TAMS 0x0000000728200000, 0x0000000728400000| Untracked 
| 322|0x0000000728400000, 0x0000000728600000, 0x0000000728600000|100%| O|  |TAMS 0x0000000728400000, 0x0000000728600000| Untracked 
| 323|0x0000000728600000, 0x0000000728800000, 0x0000000728800000|100%| O|  |TAMS 0x0000000728600000, 0x0000000728800000| Untracked 
| 324|0x0000000728800000, 0x0000000728a00000, 0x0000000728a00000|100%| O|  |TAMS 0x0000000728800000, 0x0000000728a00000| Untracked 
| 325|0x0000000728a00000, 0x0000000728c00000, 0x0000000728c00000|100%| O|  |TAMS 0x0000000728a00000, 0x0000000728c00000| Untracked 
| 326|0x0000000728c00000, 0x0000000728e00000, 0x0000000728e00000|100%| O|  |TAMS 0x0000000728c00000, 0x0000000728e00000| Untracked 
| 327|0x0000000728e00000, 0x0000000729000000, 0x0000000729000000|100%| O|  |TAMS 0x0000000728e00000, 0x0000000729000000| Untracked 
| 328|0x0000000729000000, 0x0000000729200000, 0x0000000729200000|100%| O|  |TAMS 0x0000000729000000, 0x0000000729200000| Untracked 
| 329|0x0000000729200000, 0x0000000729400000, 0x0000000729400000|100%| O|  |TAMS 0x0000000729200000, 0x0000000729400000| Untracked 
| 330|0x0000000729400000, 0x0000000729600000, 0x0000000729600000|100%| O|  |TAMS 0x0000000729400000, 0x0000000729600000| Untracked 
| 331|0x0000000729600000, 0x0000000729800000, 0x0000000729800000|100%| O|  |TAMS 0x0000000729600000, 0x0000000729800000| Untracked 
| 332|0x0000000729800000, 0x0000000729a00000, 0x0000000729a00000|100%| O|  |TAMS 0x0000000729800000, 0x0000000729a00000| Untracked 
| 333|0x0000000729a00000, 0x0000000729c00000, 0x0000000729c00000|100%| O|  |TAMS 0x0000000729a00000, 0x0000000729c00000| Untracked 
| 334|0x0000000729c00000, 0x0000000729e00000, 0x0000000729e00000|100%| O|  |TAMS 0x0000000729c00000, 0x0000000729e00000| Untracked 
| 335|0x0000000729e00000, 0x000000072a000000, 0x000000072a000000|100%| O|  |TAMS 0x0000000729e00000, 0x000000072a000000| Untracked 
| 336|0x000000072a000000, 0x000000072a200000, 0x000000072a200000|100%| O|  |TAMS 0x000000072a000000, 0x000000072a200000| Untracked 
| 337|0x000000072a200000, 0x000000072a400000, 0x000000072a400000|100%| O|  |TAMS 0x000000072a200000, 0x000000072a400000| Untracked 
| 338|0x000000072a400000, 0x000000072a600000, 0x000000072a600000|100%| O|  |TAMS 0x000000072a400000, 0x000000072a600000| Untracked 
| 339|0x000000072a600000, 0x000000072a800000, 0x000000072a800000|100%| O|  |TAMS 0x000000072a600000, 0x000000072a800000| Untracked 
| 340|0x000000072a800000, 0x000000072aa00000, 0x000000072aa00000|100%| O|  |TAMS 0x000000072a800000, 0x000000072aa00000| Untracked 
| 341|0x000000072aa00000, 0x000000072ac00000, 0x000000072ac00000|100%| O|  |TAMS 0x000000072aa00000, 0x000000072ac00000| Untracked 
| 342|0x000000072ac00000, 0x000000072ae00000, 0x000000072ae00000|100%| O|  |TAMS 0x000000072ac00000, 0x000000072ae00000| Untracked 
| 343|0x000000072ae00000, 0x000000072b000000, 0x000000072b000000|100%| O|  |TAMS 0x000000072ae00000, 0x000000072b000000| Untracked 
| 344|0x000000072b000000, 0x000000072b200000, 0x000000072b200000|100%| O|  |TAMS 0x000000072b000000, 0x000000072b200000| Untracked 
| 345|0x000000072b200000, 0x000000072b400000, 0x000000072b400000|100%| O|  |TAMS 0x000000072b200000, 0x000000072b400000| Untracked 
| 346|0x000000072b400000, 0x000000072b600000, 0x000000072b600000|100%| O|  |TAMS 0x000000072b400000, 0x000000072b600000| Untracked 
| 347|0x000000072b600000, 0x000000072b800000, 0x000000072b800000|100%| O|  |TAMS 0x000000072b600000, 0x000000072b800000| Untracked 
| 348|0x000000072b800000, 0x000000072ba00000, 0x000000072ba00000|100%| O|  |TAMS 0x000000072b800000, 0x000000072ba00000| Untracked 
| 349|0x000000072ba00000, 0x000000072bc00000, 0x000000072bc00000|100%| O|  |TAMS 0x000000072ba00000, 0x000000072bc00000| Untracked 
| 350|0x000000072bc00000, 0x000000072be00000, 0x000000072be00000|100%| O|  |TAMS 0x000000072bc00000, 0x000000072be00000| Untracked 
| 351|0x000000072be00000, 0x000000072c000000, 0x000000072c000000|100%| O|  |TAMS 0x000000072be00000, 0x000000072c000000| Untracked 
| 352|0x000000072c000000, 0x000000072c200000, 0x000000072c200000|100%| O|  |TAMS 0x000000072c000000, 0x000000072c200000| Untracked 
| 353|0x000000072c200000, 0x000000072c400000, 0x000000072c400000|100%| O|  |TAMS 0x000000072c200000, 0x000000072c400000| Untracked 
| 354|0x000000072c400000, 0x000000072c600000, 0x000000072c600000|100%| O|  |TAMS 0x000000072c400000, 0x000000072c600000| Untracked 
| 355|0x000000072c600000, 0x000000072c800000, 0x000000072c800000|100%| O|  |TAMS 0x000000072c600000, 0x000000072c800000| Untracked 
| 356|0x000000072c800000, 0x000000072ca00000, 0x000000072ca00000|100%| O|  |TAMS 0x000000072c800000, 0x000000072ca00000| Untracked 
| 357|0x000000072ca00000, 0x000000072cc00000, 0x000000072cc00000|100%| O|  |TAMS 0x000000072ca00000, 0x000000072cc00000| Untracked 
| 358|0x000000072cc00000, 0x000000072ce00000, 0x000000072ce00000|100%| O|  |TAMS 0x000000072cc00000, 0x000000072ce00000| Untracked 
| 359|0x000000072ce00000, 0x000000072d000000, 0x000000072d000000|100%| O|  |TAMS 0x000000072ce00000, 0x000000072d000000| Untracked 
| 360|0x000000072d000000, 0x000000072d200000, 0x000000072d200000|100%| O|  |TAMS 0x000000072d000000, 0x000000072d200000| Untracked 
| 361|0x000000072d200000, 0x000000072d400000, 0x000000072d400000|100%| O|  |TAMS 0x000000072d200000, 0x000000072d400000| Untracked 
| 362|0x000000072d400000, 0x000000072d600000, 0x000000072d600000|100%| O|  |TAMS 0x000000072d400000, 0x000000072d600000| Untracked 
| 363|0x000000072d600000, 0x000000072d800000, 0x000000072d800000|100%| O|  |TAMS 0x000000072d600000, 0x000000072d800000| Untracked 
| 364|0x000000072d800000, 0x000000072da00000, 0x000000072da00000|100%| O|  |TAMS 0x000000072d800000, 0x000000072da00000| Untracked 
| 365|0x000000072da00000, 0x000000072dc00000, 0x000000072dc00000|100%| O|  |TAMS 0x000000072da00000, 0x000000072dc00000| Untracked 
| 366|0x000000072dc00000, 0x000000072de00000, 0x000000072de00000|100%| O|  |TAMS 0x000000072dc00000, 0x000000072de00000| Untracked 
| 367|0x000000072de00000, 0x000000072e000000, 0x000000072e000000|100%| O|  |TAMS 0x000000072de00000, 0x000000072e000000| Untracked 
| 368|0x000000072e000000, 0x000000072e200000, 0x000000072e200000|100%| O|  |TAMS 0x000000072e000000, 0x000000072e200000| Untracked 
| 369|0x000000072e200000, 0x000000072e400000, 0x000000072e400000|100%| O|  |TAMS 0x000000072e200000, 0x000000072e400000| Untracked 
| 370|0x000000072e400000, 0x000000072e600000, 0x000000072e600000|100%| O|  |TAMS 0x000000072e400000, 0x000000072e600000| Untracked 
| 371|0x000000072e600000, 0x000000072e800000, 0x000000072e800000|100%|HS|  |TAMS 0x000000072e600000, 0x000000072e600000| Complete 
| 372|0x000000072e800000, 0x000000072ea00000, 0x000000072ea00000|100%| O|  |TAMS 0x000000072e800000, 0x000000072e800000| Untracked 
| 373|0x000000072ea00000, 0x000000072ec00000, 0x000000072ec00000|100%| O|  |TAMS 0x000000072ea00000, 0x000000072ea00000| Untracked 
| 374|0x000000072ec00000, 0x000000072ee00000, 0x000000072ee00000|100%| O|  |TAMS 0x000000072ec00000, 0x000000072ec00000| Untracked 
| 375|0x000000072ee00000, 0x000000072f000000, 0x000000072f000000|100%| O|  |TAMS 0x000000072ee00000, 0x000000072ee00000| Untracked 
| 376|0x000000072f000000, 0x000000072f200000, 0x000000072f200000|100%| O|  |TAMS 0x000000072f000000, 0x000000072f000000| Untracked 
| 377|0x000000072f200000, 0x000000072f400000, 0x000000072f400000|100%| O|  |TAMS 0x000000072f200000, 0x000000072f200000| Untracked 
| 378|0x000000072f400000, 0x000000072f600000, 0x000000072f600000|100%| O|  |TAMS 0x000000072f400000, 0x000000072f400000| Untracked 
| 379|0x000000072f600000, 0x000000072f800000, 0x000000072f800000|100%| O|  |TAMS 0x000000072f600000, 0x000000072f600000| Untracked 
| 380|0x000000072f800000, 0x000000072fa00000, 0x000000072fa00000|100%| O|  |TAMS 0x000000072f800000, 0x000000072f800000| Untracked 
| 381|0x000000072fa00000, 0x000000072fc00000, 0x000000072fc00000|100%| O|  |TAMS 0x000000072fa00000, 0x000000072fa00000| Untracked 
| 382|0x000000072fc00000, 0x000000072fe00000, 0x000000072fe00000|100%| O|  |TAMS 0x000000072fc00000, 0x000000072fc00000| Untracked 
| 383|0x000000072fe00000, 0x0000000730000000, 0x0000000730000000|100%| O|  |TAMS 0x000000072fe00000, 0x000000072fe00000| Untracked 
| 384|0x0000000730000000, 0x0000000730200000, 0x0000000730200000|100%| O|  |TAMS 0x0000000730000000, 0x0000000730000000| Untracked 
| 385|0x0000000730200000, 0x0000000730400000, 0x0000000730400000|100%| O|  |TAMS 0x0000000730200000, 0x0000000730200000| Untracked 
| 386|0x0000000730400000, 0x0000000730600000, 0x0000000730600000|100%| O|  |TAMS 0x0000000730400000, 0x0000000730400000| Untracked 
| 387|0x0000000730600000, 0x0000000730800000, 0x0000000730800000|100%| O|  |TAMS 0x0000000730600000, 0x0000000730600000| Untracked 
| 388|0x0000000730800000, 0x0000000730a00000, 0x0000000730a00000|100%| O|  |TAMS 0x0000000730800000, 0x0000000730800000| Untracked 
| 389|0x0000000730a00000, 0x0000000730c00000, 0x0000000730c00000|100%| O|  |TAMS 0x0000000730a00000, 0x0000000730a00000| Untracked 
| 390|0x0000000730c00000, 0x0000000730e00000, 0x0000000730e00000|100%| O|  |TAMS 0x0000000730c00000, 0x0000000730c00000| Untracked 
| 391|0x0000000730e00000, 0x0000000731000000, 0x0000000731000000|100%| O|  |TAMS 0x0000000730e00000, 0x0000000730e00000| Untracked 
| 392|0x0000000731000000, 0x0000000731200000, 0x0000000731200000|100%|HS|  |TAMS 0x0000000731000000, 0x0000000731000000| Complete 
| 393|0x0000000731200000, 0x0000000731400000, 0x0000000731400000|100%| O|  |TAMS 0x0000000731200000, 0x0000000731400000| Untracked 
| 394|0x0000000731400000, 0x0000000731600000, 0x0000000731600000|100%| O|  |TAMS 0x0000000731400000, 0x0000000731600000| Untracked 
| 395|0x0000000731600000, 0x0000000731800000, 0x0000000731800000|100%| O|  |TAMS 0x0000000731600000, 0x0000000731800000| Untracked 
| 396|0x0000000731800000, 0x0000000731a00000, 0x0000000731a00000|100%| O|  |TAMS 0x0000000731800000, 0x0000000731a00000| Untracked 
| 397|0x0000000731a00000, 0x0000000731c00000, 0x0000000731c00000|100%| O|  |TAMS 0x0000000731a00000, 0x0000000731c00000| Untracked 
| 398|0x0000000731c00000, 0x0000000731e00000, 0x0000000731e00000|100%| O|  |TAMS 0x0000000731c00000, 0x0000000731e00000| Untracked 
| 399|0x0000000731e00000, 0x0000000732000000, 0x0000000732000000|100%| O|  |TAMS 0x0000000731e00000, 0x0000000732000000| Untracked 
| 400|0x0000000732000000, 0x0000000732200000, 0x0000000732200000|100%| O|  |TAMS 0x0000000732000000, 0x0000000732200000| Untracked 
| 401|0x0000000732200000, 0x0000000732400000, 0x0000000732400000|100%| O|  |TAMS 0x0000000732200000, 0x0000000732387200| Untracked 
| 402|0x0000000732400000, 0x0000000732600000, 0x0000000732600000|100%| O|  |TAMS 0x0000000732400000, 0x0000000732400000| Untracked 
| 403|0x0000000732600000, 0x0000000732800000, 0x0000000732800000|100%| O|  |TAMS 0x0000000732600000, 0x0000000732600000| Untracked 
| 404|0x0000000732800000, 0x0000000732a00000, 0x0000000732a00000|100%|HS|  |TAMS 0x0000000732800000, 0x0000000732800000| Complete 
| 405|0x0000000732a00000, 0x0000000732c00000, 0x0000000732c00000|100%| O|  |TAMS 0x0000000732a00000, 0x0000000732a00000| Untracked 
| 406|0x0000000732c00000, 0x0000000732e00000, 0x0000000732e00000|100%| O|  |TAMS 0x0000000732c00000, 0x0000000732c00000| Untracked 
| 407|0x0000000732e00000, 0x0000000733000000, 0x0000000733000000|100%| O|  |TAMS 0x0000000732e00000, 0x0000000732e00000| Untracked 
| 408|0x0000000733000000, 0x0000000733200000, 0x0000000733200000|100%| O|  |TAMS 0x0000000733000000, 0x0000000733000000| Untracked 
| 409|0x0000000733200000, 0x0000000733400000, 0x0000000733400000|100%| O|  |TAMS 0x0000000733200000, 0x0000000733200000| Untracked 
| 410|0x0000000733400000, 0x0000000733600000, 0x0000000733600000|100%| O|  |TAMS 0x0000000733400000, 0x0000000733400000| Untracked 
| 411|0x0000000733600000, 0x0000000733800000, 0x0000000733800000|100%| O|  |TAMS 0x0000000733600000, 0x0000000733600000| Untracked 
| 412|0x0000000733800000, 0x0000000733a00000, 0x0000000733a00000|100%| O|  |TAMS 0x0000000733800000, 0x0000000733800000| Untracked 
| 413|0x0000000733a00000, 0x0000000733c00000, 0x0000000733c00000|100%| O|  |TAMS 0x0000000733a00000, 0x0000000733a00000| Untracked 
| 414|0x0000000733c00000, 0x0000000733e00000, 0x0000000733e00000|100%| O|  |TAMS 0x0000000733c00000, 0x0000000733c00000| Untracked 
| 415|0x0000000733e00000, 0x0000000734000000, 0x0000000734000000|100%| O|  |TAMS 0x0000000733e00000, 0x0000000733e00000| Untracked 
| 416|0x0000000734000000, 0x0000000734200000, 0x0000000734200000|100%| O|  |TAMS 0x0000000734000000, 0x0000000734000000| Untracked 
| 417|0x0000000734200000, 0x0000000734400000, 0x0000000734400000|100%| O|  |TAMS 0x0000000734200000, 0x0000000734200000| Untracked 
| 418|0x0000000734400000, 0x0000000734600000, 0x0000000734600000|100%| O|  |TAMS 0x0000000734400000, 0x0000000734400000| Untracked 
| 419|0x0000000734600000, 0x0000000734800000, 0x0000000734800000|100%| O|  |TAMS 0x0000000734600000, 0x0000000734600000| Untracked 
| 420|0x0000000734800000, 0x0000000734a00000, 0x0000000734a00000|100%| O|  |TAMS 0x0000000734800000, 0x0000000734800000| Untracked 
| 421|0x0000000734a00000, 0x0000000734c00000, 0x0000000734c00000|100%| O|  |TAMS 0x0000000734a00000, 0x0000000734a00000| Untracked 
| 422|0x0000000734c00000, 0x0000000734e00000, 0x0000000734e00000|100%| O|  |TAMS 0x0000000734c00000, 0x0000000734c00000| Untracked 
| 423|0x0000000734e00000, 0x0000000735000000, 0x0000000735000000|100%| O|  |TAMS 0x0000000734e00000, 0x0000000734e00000| Untracked 
| 424|0x0000000735000000, 0x0000000735200000, 0x0000000735200000|100%| O|  |TAMS 0x0000000735000000, 0x0000000735000000| Untracked 
| 425|0x0000000735200000, 0x0000000735400000, 0x0000000735400000|100%| O|  |TAMS 0x0000000735200000, 0x0000000735200000| Untracked 
| 426|0x0000000735400000, 0x0000000735600000, 0x0000000735600000|100%| O|  |TAMS 0x0000000735400000, 0x0000000735400000| Untracked 
| 427|0x0000000735600000, 0x0000000735800000, 0x0000000735800000|100%| O|  |TAMS 0x0000000735600000, 0x0000000735600000| Untracked 
| 428|0x0000000735800000, 0x0000000735a00000, 0x0000000735a00000|100%| O|  |TAMS 0x0000000735800000, 0x0000000735800000| Untracked 
| 429|0x0000000735a00000, 0x0000000735c00000, 0x0000000735c00000|100%| O|  |TAMS 0x0000000735a00000, 0x0000000735a00000| Untracked 
| 430|0x0000000735c00000, 0x0000000735e00000, 0x0000000735e00000|100%| O|  |TAMS 0x0000000735c00000, 0x0000000735c00000| Untracked 
| 431|0x0000000735e00000, 0x0000000736000000, 0x0000000736000000|100%| O|  |TAMS 0x0000000735e00000, 0x0000000735e00000| Untracked 
| 432|0x0000000736000000, 0x0000000736200000, 0x0000000736200000|100%| O|  |TAMS 0x0000000736000000, 0x0000000736000000| Untracked 
| 433|0x0000000736200000, 0x0000000736400000, 0x0000000736400000|100%| O|  |TAMS 0x0000000736200000, 0x0000000736200000| Untracked 
| 434|0x0000000736400000, 0x0000000736600000, 0x0000000736600000|100%| O|  |TAMS 0x0000000736400000, 0x0000000736400000| Untracked 
| 435|0x0000000736600000, 0x0000000736800000, 0x0000000736800000|100%| O|  |TAMS 0x0000000736600000, 0x0000000736600000| Untracked 
| 436|0x0000000736800000, 0x0000000736a00000, 0x0000000736a00000|100%| O|  |TAMS 0x0000000736800000, 0x0000000736800000| Untracked 
| 437|0x0000000736a00000, 0x0000000736c00000, 0x0000000736c00000|100%| O|  |TAMS 0x0000000736a00000, 0x0000000736a00000| Untracked 
| 438|0x0000000736c00000, 0x0000000736e00000, 0x0000000736e00000|100%| O|  |TAMS 0x0000000736c00000, 0x0000000736c00000| Untracked 
| 439|0x0000000736e00000, 0x0000000737000000, 0x0000000737000000|100%| O|  |TAMS 0x0000000736e00000, 0x0000000736e00000| Untracked 
| 440|0x0000000737000000, 0x0000000737200000, 0x0000000737200000|100%| O|  |TAMS 0x0000000737000000, 0x0000000737000000| Untracked 
| 441|0x0000000737200000, 0x0000000737400000, 0x0000000737400000|100%| O|  |TAMS 0x0000000737200000, 0x0000000737200000| Untracked 
| 442|0x0000000737400000, 0x0000000737600000, 0x0000000737600000|100%| O|  |TAMS 0x0000000737400000, 0x0000000737400000| Untracked 
| 443|0x0000000737600000, 0x0000000737800000, 0x0000000737800000|100%| O|  |TAMS 0x0000000737600000, 0x0000000737600000| Untracked 
| 444|0x0000000737800000, 0x0000000737a00000, 0x0000000737a00000|100%| O|  |TAMS 0x0000000737800000, 0x0000000737800000| Untracked 
| 445|0x0000000737a00000, 0x0000000737c00000, 0x0000000737c00000|100%| O|  |TAMS 0x0000000737a00000, 0x0000000737a00000| Untracked 
| 446|0x0000000737c00000, 0x0000000737e00000, 0x0000000737e00000|100%| O|  |TAMS 0x0000000737c00000, 0x0000000737c00000| Untracked 
| 447|0x0000000737e00000, 0x0000000738000000, 0x0000000738000000|100%| O|  |TAMS 0x0000000737e00000, 0x0000000737e00000| Untracked 
| 448|0x0000000738000000, 0x0000000738200000, 0x0000000738200000|100%| O|  |TAMS 0x0000000738000000, 0x0000000738000000| Untracked 
| 449|0x0000000738200000, 0x0000000738400000, 0x0000000738400000|100%| O|  |TAMS 0x0000000738200000, 0x0000000738200000| Untracked 
| 450|0x0000000738400000, 0x0000000738600000, 0x0000000738600000|100%| O|  |TAMS 0x0000000738400000, 0x0000000738400000| Untracked 
| 451|0x0000000738600000, 0x0000000738800000, 0x0000000738800000|100%| O|  |TAMS 0x0000000738600000, 0x0000000738600000| Untracked 
| 452|0x0000000738800000, 0x0000000738a00000, 0x0000000738a00000|100%| O|  |TAMS 0x0000000738800000, 0x0000000738800000| Untracked 
| 453|0x0000000738a00000, 0x0000000738c00000, 0x0000000738c00000|100%| O|  |TAMS 0x0000000738a00000, 0x0000000738a00000| Untracked 
| 454|0x0000000738c00000, 0x0000000738e00000, 0x0000000738e00000|100%| O|  |TAMS 0x0000000738c00000, 0x0000000738c00000| Untracked 
| 455|0x0000000738e00000, 0x0000000739000000, 0x0000000739000000|100%| O|  |TAMS 0x0000000738e00000, 0x0000000738e00000| Untracked 
| 456|0x0000000739000000, 0x0000000739200000, 0x0000000739200000|100%| O|  |TAMS 0x0000000739000000, 0x0000000739000000| Untracked 
| 457|0x0000000739200000, 0x0000000739400000, 0x0000000739400000|100%| O|  |TAMS 0x0000000739200000, 0x0000000739200000| Untracked 
| 458|0x0000000739400000, 0x0000000739600000, 0x0000000739600000|100%| O|  |TAMS 0x0000000739400000, 0x0000000739400000| Untracked 
| 459|0x0000000739600000, 0x0000000739800000, 0x0000000739800000|100%| O|  |TAMS 0x0000000739600000, 0x0000000739600000| Untracked 
| 460|0x0000000739800000, 0x0000000739a00000, 0x0000000739a00000|100%| O|  |TAMS 0x0000000739800000, 0x0000000739800000| Untracked 
| 461|0x0000000739a00000, 0x0000000739c00000, 0x0000000739c00000|100%| O|  |TAMS 0x0000000739a00000, 0x0000000739a00000| Untracked 
| 462|0x0000000739c00000, 0x0000000739e00000, 0x0000000739e00000|100%| O|  |TAMS 0x0000000739c00000, 0x0000000739c00000| Untracked 
| 463|0x0000000739e00000, 0x000000073a000000, 0x000000073a000000|100%| O|  |TAMS 0x0000000739e00000, 0x0000000739e00000| Untracked 
| 464|0x000000073a000000, 0x000000073a200000, 0x000000073a200000|100%| O|  |TAMS 0x000000073a000000, 0x000000073a000000| Untracked 
| 465|0x000000073a200000, 0x000000073a400000, 0x000000073a400000|100%| O|  |TAMS 0x000000073a200000, 0x000000073a200000| Untracked 
| 466|0x000000073a400000, 0x000000073a600000, 0x000000073a600000|100%| O|  |TAMS 0x000000073a400000, 0x000000073a400000| Untracked 
| 467|0x000000073a600000, 0x000000073a800000, 0x000000073a800000|100%| O|  |TAMS 0x000000073a600000, 0x000000073a600000| Untracked 
| 468|0x000000073a800000, 0x000000073aa00000, 0x000000073aa00000|100%| O|  |TAMS 0x000000073a800000, 0x000000073a800000| Untracked 
| 469|0x000000073aa00000, 0x000000073ac00000, 0x000000073ac00000|100%| O|  |TAMS 0x000000073aa00000, 0x000000073aa00000| Untracked 
| 470|0x000000073ac00000, 0x000000073ae00000, 0x000000073ae00000|100%| O|  |TAMS 0x000000073ac00000, 0x000000073ac00000| Untracked 
| 471|0x000000073ae00000, 0x000000073b000000, 0x000000073b000000|100%| O|  |TAMS 0x000000073ae00000, 0x000000073ae00000| Untracked 
| 472|0x000000073b000000, 0x000000073b200000, 0x000000073b200000|100%| O|  |TAMS 0x000000073b000000, 0x000000073b000000| Untracked 
| 473|0x000000073b200000, 0x000000073b400000, 0x000000073b400000|100%| O|  |TAMS 0x000000073b200000, 0x000000073b200000| Untracked 
| 474|0x000000073b400000, 0x000000073b600000, 0x000000073b600000|100%| O|  |TAMS 0x000000073b400000, 0x000000073b400000| Untracked 
| 475|0x000000073b600000, 0x000000073b800000, 0x000000073b800000|100%| O|  |TAMS 0x000000073b600000, 0x000000073b600000| Untracked 
| 476|0x000000073b800000, 0x000000073ba00000, 0x000000073ba00000|100%| O|  |TAMS 0x000000073b800000, 0x000000073b800000| Untracked 
| 477|0x000000073ba00000, 0x000000073bc00000, 0x000000073bc00000|100%| O|  |TAMS 0x000000073ba00000, 0x000000073ba00000| Untracked 
| 478|0x000000073bc00000, 0x000000073be00000, 0x000000073be00000|100%| O|  |TAMS 0x000000073bc00000, 0x000000073bc00000| Untracked 
| 479|0x000000073be00000, 0x000000073c000000, 0x000000073c000000|100%| O|  |TAMS 0x000000073be00000, 0x000000073be00000| Untracked 
| 480|0x000000073c000000, 0x000000073c200000, 0x000000073c200000|100%| O|  |TAMS 0x000000073c000000, 0x000000073c000000| Untracked 
| 481|0x000000073c200000, 0x000000073c400000, 0x000000073c400000|100%| O|  |TAMS 0x000000073c200000, 0x000000073c200000| Untracked 
| 482|0x000000073c400000, 0x000000073c600000, 0x000000073c600000|100%| O|  |TAMS 0x000000073c400000, 0x000000073c400000| Untracked 
| 483|0x000000073c600000, 0x000000073c800000, 0x000000073c800000|100%| O|  |TAMS 0x000000073c600000, 0x000000073c600000| Untracked 
| 484|0x000000073c800000, 0x000000073ca00000, 0x000000073ca00000|100%| O|  |TAMS 0x000000073c800000, 0x000000073c800000| Untracked 
| 485|0x000000073ca00000, 0x000000073cc00000, 0x000000073cc00000|100%| O|  |TAMS 0x000000073ca00000, 0x000000073ca00000| Untracked 
| 486|0x000000073cc00000, 0x000000073ce00000, 0x000000073ce00000|100%| O|  |TAMS 0x000000073cc00000, 0x000000073cc00000| Untracked 
| 487|0x000000073ce00000, 0x000000073d000000, 0x000000073d000000|100%| O|  |TAMS 0x000000073ce00000, 0x000000073ce00000| Untracked 
| 488|0x000000073d000000, 0x000000073d200000, 0x000000073d200000|100%| O|  |TAMS 0x000000073d000000, 0x000000073d000000| Untracked 
| 489|0x000000073d200000, 0x000000073d400000, 0x000000073d400000|100%| O|  |TAMS 0x000000073d200000, 0x000000073d200000| Untracked 
| 490|0x000000073d400000, 0x000000073d600000, 0x000000073d600000|100%| O|  |TAMS 0x000000073d400000, 0x000000073d400000| Untracked 
| 491|0x000000073d600000, 0x000000073d800000, 0x000000073d800000|100%| O|  |TAMS 0x000000073d600000, 0x000000073d600000| Untracked 
| 492|0x000000073d800000, 0x000000073da00000, 0x000000073da00000|100%| O|  |TAMS 0x000000073d800000, 0x000000073d800000| Untracked 
| 493|0x000000073da00000, 0x000000073dc00000, 0x000000073dc00000|100%| O|  |TAMS 0x000000073da00000, 0x000000073da00000| Untracked 
| 494|0x000000073dc00000, 0x000000073de00000, 0x000000073de00000|100%| O|  |TAMS 0x000000073dc00000, 0x000000073dc00000| Untracked 
| 495|0x000000073de00000, 0x000000073e000000, 0x000000073e000000|100%| O|  |TAMS 0x000000073de00000, 0x000000073de00000| Untracked 
| 496|0x000000073e000000, 0x000000073e200000, 0x000000073e200000|100%| O|  |TAMS 0x000000073e000000, 0x000000073e000000| Untracked 
| 497|0x000000073e200000, 0x000000073e400000, 0x000000073e400000|100%| O|  |TAMS 0x000000073e200000, 0x000000073e200000| Untracked 
| 498|0x000000073e400000, 0x000000073e600000, 0x000000073e600000|100%| O|  |TAMS 0x000000073e400000, 0x000000073e400000| Untracked 
| 499|0x000000073e600000, 0x000000073e800000, 0x000000073e800000|100%| O|  |TAMS 0x000000073e600000, 0x000000073e600000| Untracked 
| 500|0x000000073e800000, 0x000000073ea00000, 0x000000073ea00000|100%| O|  |TAMS 0x000000073e800000, 0x000000073e800000| Untracked 
| 501|0x000000073ea00000, 0x000000073ec00000, 0x000000073ec00000|100%| O|  |TAMS 0x000000073ea00000, 0x000000073ea00000| Untracked 
| 502|0x000000073ec00000, 0x000000073ee00000, 0x000000073ee00000|100%| O|  |TAMS 0x000000073ec00000, 0x000000073ec00000| Untracked 
| 503|0x000000073ee00000, 0x000000073f000000, 0x000000073f000000|100%| O|  |TAMS 0x000000073ee00000, 0x000000073ee00000| Untracked 
| 504|0x000000073f000000, 0x000000073f200000, 0x000000073f200000|100%| O|  |TAMS 0x000000073f000000, 0x000000073f000000| Untracked 
| 505|0x000000073f200000, 0x000000073f400000, 0x000000073f400000|100%| O|  |TAMS 0x000000073f200000, 0x000000073f200000| Untracked 
| 506|0x000000073f400000, 0x000000073f600000, 0x000000073f600000|100%| O|  |TAMS 0x000000073f400000, 0x000000073f400000| Untracked 
| 507|0x000000073f600000, 0x000000073f800000, 0x000000073f800000|100%| O|  |TAMS 0x000000073f600000, 0x000000073f600000| Untracked 
| 508|0x000000073f800000, 0x000000073fa00000, 0x000000073fa00000|100%| O|  |TAMS 0x000000073f800000, 0x000000073f800000| Untracked 
| 509|0x000000073fa00000, 0x000000073fc00000, 0x000000073fc00000|100%| O|  |TAMS 0x000000073fa00000, 0x000000073fa00000| Untracked 
| 510|0x000000073fc00000, 0x000000073fe00000, 0x000000073fe00000|100%| O|  |TAMS 0x000000073fc00000, 0x000000073fc00000| Untracked 
| 511|0x000000073fe00000, 0x0000000740000000, 0x0000000740000000|100%| O|  |TAMS 0x000000073fe00000, 0x000000073fe00000| Untracked 
| 512|0x0000000740000000, 0x0000000740200000, 0x0000000740200000|100%| O|  |TAMS 0x0000000740000000, 0x0000000740000000| Untracked 
| 513|0x0000000740200000, 0x0000000740400000, 0x0000000740400000|100%| O|  |TAMS 0x0000000740200000, 0x0000000740200000| Untracked 
| 514|0x0000000740400000, 0x0000000740600000, 0x0000000740600000|100%| O|  |TAMS 0x0000000740400000, 0x0000000740400000| Untracked 
| 515|0x0000000740600000, 0x0000000740800000, 0x0000000740800000|100%| O|  |TAMS 0x0000000740600000, 0x0000000740600000| Untracked 
| 516|0x0000000740800000, 0x0000000740a00000, 0x0000000740a00000|100%| O|  |TAMS 0x0000000740800000, 0x0000000740800000| Untracked 
| 517|0x0000000740a00000, 0x0000000740c00000, 0x0000000740c00000|100%| O|  |TAMS 0x0000000740a00000, 0x0000000740a00000| Untracked 
| 518|0x0000000740c00000, 0x0000000740e00000, 0x0000000740e00000|100%| O|  |TAMS 0x0000000740c00000, 0x0000000740c00000| Untracked 
| 519|0x0000000740e00000, 0x0000000741000000, 0x0000000741000000|100%| O|  |TAMS 0x0000000740e00000, 0x0000000740e00000| Untracked 
| 520|0x0000000741000000, 0x0000000741200000, 0x0000000741200000|100%| O|  |TAMS 0x0000000741000000, 0x0000000741000000| Untracked 
| 521|0x0000000741200000, 0x0000000741400000, 0x0000000741400000|100%| O|  |TAMS 0x0000000741200000, 0x0000000741200000| Untracked 
| 522|0x0000000741400000, 0x0000000741600000, 0x0000000741600000|100%| O|  |TAMS 0x0000000741400000, 0x0000000741400000| Untracked 
| 523|0x0000000741600000, 0x0000000741800000, 0x0000000741800000|100%| O|  |TAMS 0x0000000741600000, 0x0000000741600000| Untracked 
| 524|0x0000000741800000, 0x0000000741a00000, 0x0000000741a00000|100%| O|  |TAMS 0x0000000741800000, 0x0000000741800000| Untracked 
| 525|0x0000000741a00000, 0x0000000741c00000, 0x0000000741c00000|100%| O|  |TAMS 0x0000000741a00000, 0x0000000741a00000| Untracked 
| 526|0x0000000741c00000, 0x0000000741e00000, 0x0000000741e00000|100%| O|  |TAMS 0x0000000741c00000, 0x0000000741c00000| Untracked 
| 527|0x0000000741e00000, 0x0000000742000000, 0x0000000742000000|100%| O|  |TAMS 0x0000000741e00000, 0x0000000741e00000| Untracked 
| 528|0x0000000742000000, 0x0000000742200000, 0x0000000742200000|100%| O|  |TAMS 0x0000000742000000, 0x0000000742000000| Untracked 
| 529|0x0000000742200000, 0x0000000742400000, 0x0000000742400000|100%| O|  |TAMS 0x0000000742200000, 0x0000000742200000| Untracked 
| 530|0x0000000742400000, 0x0000000742600000, 0x0000000742600000|100%| O|  |TAMS 0x0000000742400000, 0x0000000742400000| Untracked 
| 531|0x0000000742600000, 0x0000000742800000, 0x0000000742800000|100%| O|  |TAMS 0x0000000742600000, 0x0000000742600000| Untracked 
| 532|0x0000000742800000, 0x0000000742a00000, 0x0000000742a00000|100%| O|  |TAMS 0x0000000742800000, 0x0000000742800000| Untracked 
| 533|0x0000000742a00000, 0x0000000742c00000, 0x0000000742c00000|100%| O|  |TAMS 0x0000000742a00000, 0x0000000742a00000| Untracked 
| 534|0x0000000742c00000, 0x0000000742e00000, 0x0000000742e00000|100%| O|  |TAMS 0x0000000742c00000, 0x0000000742c00000| Untracked 
| 535|0x0000000742e00000, 0x0000000743000000, 0x0000000743000000|100%| O|  |TAMS 0x0000000742e00000, 0x0000000742e00000| Untracked 
| 536|0x0000000743000000, 0x0000000743200000, 0x0000000743200000|100%| O|  |TAMS 0x0000000743000000, 0x0000000743000000| Untracked 
| 537|0x0000000743200000, 0x0000000743400000, 0x0000000743400000|100%| O|  |TAMS 0x0000000743200000, 0x0000000743200000| Untracked 
| 538|0x0000000743400000, 0x0000000743600000, 0x0000000743600000|100%| O|  |TAMS 0x0000000743400000, 0x0000000743400000| Untracked 
| 539|0x0000000743600000, 0x0000000743800000, 0x0000000743800000|100%| O|  |TAMS 0x0000000743600000, 0x0000000743600000| Untracked 
| 540|0x0000000743800000, 0x0000000743a00000, 0x0000000743a00000|100%| O|  |TAMS 0x0000000743800000, 0x0000000743800000| Untracked 
| 541|0x0000000743a00000, 0x0000000743c00000, 0x0000000743c00000|100%| O|  |TAMS 0x0000000743a00000, 0x0000000743a00000| Untracked 
| 542|0x0000000743c00000, 0x0000000743e00000, 0x0000000743e00000|100%| O|  |TAMS 0x0000000743c00000, 0x0000000743c00000| Untracked 
| 543|0x0000000743e00000, 0x0000000744000000, 0x0000000744000000|100%| O|  |TAMS 0x0000000743e00000, 0x0000000743e00000| Untracked 
| 544|0x0000000744000000, 0x0000000744200000, 0x0000000744200000|100%| O|  |TAMS 0x0000000744000000, 0x0000000744000000| Untracked 
| 545|0x0000000744200000, 0x0000000744400000, 0x0000000744400000|100%| O|  |TAMS 0x0000000744200000, 0x0000000744200000| Untracked 
| 546|0x0000000744400000, 0x0000000744600000, 0x0000000744600000|100%| O|  |TAMS 0x0000000744400000, 0x0000000744400000| Untracked 
| 547|0x0000000744600000, 0x0000000744800000, 0x0000000744800000|100%| O|  |TAMS 0x0000000744600000, 0x0000000744600000| Untracked 
| 548|0x0000000744800000, 0x0000000744a00000, 0x0000000744a00000|100%| O|  |TAMS 0x0000000744800000, 0x0000000744800000| Untracked 
| 549|0x0000000744a00000, 0x0000000744c00000, 0x0000000744c00000|100%| O|  |TAMS 0x0000000744a00000, 0x0000000744a00000| Untracked 
| 550|0x0000000744c00000, 0x0000000744e00000, 0x0000000744e00000|100%| O|  |TAMS 0x0000000744c00000, 0x0000000744c00000| Untracked 
| 551|0x0000000744e00000, 0x0000000745000000, 0x0000000745000000|100%| O|  |TAMS 0x0000000744e00000, 0x0000000744e00000| Untracked 
| 552|0x0000000745000000, 0x0000000745200000, 0x0000000745200000|100%| O|  |TAMS 0x0000000745000000, 0x0000000745000000| Untracked 
| 553|0x0000000745200000, 0x0000000745400000, 0x0000000745400000|100%| O|  |TAMS 0x0000000745200000, 0x0000000745200000| Untracked 
| 554|0x0000000745400000, 0x0000000745600000, 0x0000000745600000|100%| O|  |TAMS 0x0000000745400000, 0x0000000745400000| Untracked 
| 555|0x0000000745600000, 0x0000000745800000, 0x0000000745800000|100%| O|  |TAMS 0x0000000745600000, 0x0000000745600000| Untracked 
| 556|0x0000000745800000, 0x0000000745a00000, 0x0000000745a00000|100%| O|  |TAMS 0x0000000745800000, 0x0000000745800000| Untracked 
| 557|0x0000000745a00000, 0x0000000745c00000, 0x0000000745c00000|100%| O|  |TAMS 0x0000000745a00000, 0x0000000745a00000| Untracked 
| 558|0x0000000745c00000, 0x0000000745e00000, 0x0000000745e00000|100%| O|  |TAMS 0x0000000745c00000, 0x0000000745c00000| Untracked 
| 559|0x0000000745e00000, 0x0000000746000000, 0x0000000746000000|100%| O|  |TAMS 0x0000000745e00000, 0x0000000745e00000| Untracked 
| 560|0x0000000746000000, 0x0000000746200000, 0x0000000746200000|100%| O|  |TAMS 0x0000000746000000, 0x0000000746000000| Untracked 
| 561|0x0000000746200000, 0x0000000746400000, 0x0000000746400000|100%| O|  |TAMS 0x0000000746200000, 0x0000000746200000| Untracked 
| 562|0x0000000746400000, 0x0000000746600000, 0x0000000746600000|100%| O|  |TAMS 0x0000000746400000, 0x0000000746400000| Untracked 
| 563|0x0000000746600000, 0x0000000746800000, 0x0000000746800000|100%| O|  |TAMS 0x0000000746600000, 0x0000000746600000| Untracked 
| 564|0x0000000746800000, 0x0000000746a00000, 0x0000000746a00000|100%| O|  |TAMS 0x0000000746800000, 0x0000000746800000| Untracked 
| 565|0x0000000746a00000, 0x0000000746c00000, 0x0000000746c00000|100%| O|  |TAMS 0x0000000746a00000, 0x0000000746a00000| Untracked 
| 566|0x0000000746c00000, 0x0000000746e00000, 0x0000000746e00000|100%| O|  |TAMS 0x0000000746c00000, 0x0000000746c00000| Untracked 
| 567|0x0000000746e00000, 0x0000000747000000, 0x0000000747000000|100%| O|  |TAMS 0x0000000746e00000, 0x0000000746e00000| Untracked 
| 568|0x0000000747000000, 0x0000000747200000, 0x0000000747200000|100%| O|  |TAMS 0x0000000747000000, 0x0000000747000000| Untracked 
| 569|0x0000000747200000, 0x0000000747400000, 0x0000000747400000|100%| O|  |TAMS 0x0000000747200000, 0x0000000747200000| Untracked 
| 570|0x0000000747400000, 0x0000000747600000, 0x0000000747600000|100%| O|  |TAMS 0x0000000747400000, 0x0000000747400000| Untracked 
| 571|0x0000000747600000, 0x0000000747800000, 0x0000000747800000|100%|HS|  |TAMS 0x0000000747600000, 0x0000000747600000| Complete 
| 572|0x0000000747800000, 0x0000000747a00000, 0x0000000747a00000|100%| O|  |TAMS 0x0000000747800000, 0x0000000747800000| Untracked 
| 573|0x0000000747a00000, 0x0000000747c00000, 0x0000000747c00000|100%| O|  |TAMS 0x0000000747a00000, 0x0000000747a00000| Untracked 
| 574|0x0000000747c00000, 0x0000000747e00000, 0x0000000747e00000|100%| O|  |TAMS 0x0000000747c00000, 0x0000000747c00000| Untracked 
| 575|0x0000000747e00000, 0x0000000748000000, 0x0000000748000000|100%| O|  |TAMS 0x0000000747e00000, 0x0000000747e00000| Untracked 
| 576|0x0000000748000000, 0x0000000748200000, 0x0000000748200000|100%| O|  |TAMS 0x0000000748000000, 0x0000000748000000| Untracked 
| 577|0x0000000748200000, 0x0000000748400000, 0x0000000748400000|100%| O|  |TAMS 0x0000000748200000, 0x0000000748200000| Untracked 
| 578|0x0000000748400000, 0x0000000748600000, 0x0000000748600000|100%| O|  |TAMS 0x0000000748400000, 0x0000000748400000| Untracked 
| 579|0x0000000748600000, 0x0000000748800000, 0x0000000748800000|100%| O|  |TAMS 0x0000000748600000, 0x0000000748600000| Untracked 
| 580|0x0000000748800000, 0x0000000748a00000, 0x0000000748a00000|100%| O|  |TAMS 0x0000000748800000, 0x0000000748800000| Untracked 
| 581|0x0000000748a00000, 0x0000000748c00000, 0x0000000748c00000|100%| O|  |TAMS 0x0000000748a00000, 0x0000000748a00000| Untracked 
| 582|0x0000000748c00000, 0x0000000748e00000, 0x0000000748e00000|100%| O|  |TAMS 0x0000000748c00000, 0x0000000748c00000| Untracked 
| 583|0x0000000748e00000, 0x0000000749000000, 0x0000000749000000|100%| O|  |TAMS 0x0000000748e00000, 0x0000000748e00000| Untracked 
| 584|0x0000000749000000, 0x0000000749200000, 0x0000000749200000|100%| O|  |TAMS 0x0000000749000000, 0x0000000749000000| Untracked 
| 585|0x0000000749200000, 0x0000000749400000, 0x0000000749400000|100%| O|  |TAMS 0x0000000749200000, 0x0000000749200000| Untracked 
| 586|0x0000000749400000, 0x0000000749600000, 0x0000000749600000|100%| O|  |TAMS 0x0000000749400000, 0x0000000749400000| Untracked 
| 587|0x0000000749600000, 0x0000000749800000, 0x0000000749800000|100%| O|  |TAMS 0x0000000749600000, 0x0000000749600000| Untracked 
| 588|0x0000000749800000, 0x0000000749a00000, 0x0000000749a00000|100%| O|  |TAMS 0x0000000749800000, 0x0000000749800000| Untracked 
| 589|0x0000000749a00000, 0x0000000749c00000, 0x0000000749c00000|100%| O|  |TAMS 0x0000000749a00000, 0x0000000749a00000| Untracked 
| 590|0x0000000749c00000, 0x0000000749e00000, 0x0000000749e00000|100%| O|  |TAMS 0x0000000749c00000, 0x0000000749c00000| Untracked 
| 591|0x0000000749e00000, 0x000000074a000000, 0x000000074a000000|100%| O|  |TAMS 0x0000000749e00000, 0x0000000749e00000| Untracked 
| 592|0x000000074a000000, 0x000000074a200000, 0x000000074a200000|100%| O|  |TAMS 0x000000074a000000, 0x000000074a000000| Untracked 
| 593|0x000000074a200000, 0x000000074a400000, 0x000000074a400000|100%| O|  |TAMS 0x000000074a200000, 0x000000074a200000| Untracked 
| 594|0x000000074a400000, 0x000000074a600000, 0x000000074a600000|100%| O|  |TAMS 0x000000074a400000, 0x000000074a400000| Untracked 
| 595|0x000000074a600000, 0x000000074a800000, 0x000000074a800000|100%| O|  |TAMS 0x000000074a600000, 0x000000074a600000| Untracked 
| 596|0x000000074a800000, 0x000000074aa00000, 0x000000074aa00000|100%| O|  |TAMS 0x000000074a800000, 0x000000074a800000| Untracked 
| 597|0x000000074aa00000, 0x000000074ac00000, 0x000000074ac00000|100%| O|  |TAMS 0x000000074aa00000, 0x000000074aa00000| Untracked 
| 598|0x000000074ac00000, 0x000000074ae00000, 0x000000074ae00000|100%| O|  |TAMS 0x000000074ac00000, 0x000000074ac00000| Untracked 
| 599|0x000000074ae00000, 0x000000074b000000, 0x000000074b000000|100%| O|  |TAMS 0x000000074ae00000, 0x000000074ae00000| Untracked 
| 600|0x000000074b000000, 0x000000074b200000, 0x000000074b200000|100%| O|  |TAMS 0x000000074b000000, 0x000000074b000000| Untracked 
| 601|0x000000074b200000, 0x000000074b400000, 0x000000074b400000|100%| O|  |TAMS 0x000000074b200000, 0x000000074b200000| Untracked 
| 602|0x000000074b400000, 0x000000074b600000, 0x000000074b600000|100%| O|  |TAMS 0x000000074b400000, 0x000000074b400000| Untracked 
| 603|0x000000074b600000, 0x000000074b800000, 0x000000074b800000|100%| O|  |TAMS 0x000000074b600000, 0x000000074b600000| Untracked 
| 604|0x000000074b800000, 0x000000074ba00000, 0x000000074ba00000|100%| O|  |TAMS 0x000000074b800000, 0x000000074b800000| Untracked 
| 605|0x000000074ba00000, 0x000000074bc00000, 0x000000074bc00000|100%| O|  |TAMS 0x000000074ba00000, 0x000000074ba00000| Untracked 
| 606|0x000000074bc00000, 0x000000074be00000, 0x000000074be00000|100%| O|  |TAMS 0x000000074bc00000, 0x000000074bc00000| Untracked 
| 607|0x000000074be00000, 0x000000074c000000, 0x000000074c000000|100%| O|  |TAMS 0x000000074be00000, 0x000000074be00000| Untracked 
| 608|0x000000074c000000, 0x000000074c200000, 0x000000074c200000|100%| O|  |TAMS 0x000000074c000000, 0x000000074c000000| Untracked 
| 609|0x000000074c200000, 0x000000074c400000, 0x000000074c400000|100%| O|  |TAMS 0x000000074c200000, 0x000000074c200000| Untracked 
| 610|0x000000074c400000, 0x000000074c600000, 0x000000074c600000|100%| O|  |TAMS 0x000000074c400000, 0x000000074c400000| Untracked 
| 611|0x000000074c600000, 0x000000074c800000, 0x000000074c800000|100%| O|  |TAMS 0x000000074c600000, 0x000000074c600000| Untracked 
| 612|0x000000074c800000, 0x000000074ca00000, 0x000000074ca00000|100%| O|  |TAMS 0x000000074c800000, 0x000000074c800000| Untracked 
| 613|0x000000074ca00000, 0x000000074cc00000, 0x000000074cc00000|100%| O|  |TAMS 0x000000074ca00000, 0x000000074ca00000| Untracked 
| 614|0x000000074cc00000, 0x000000074ce00000, 0x000000074ce00000|100%| O|  |TAMS 0x000000074cc00000, 0x000000074cc00000| Untracked 
| 615|0x000000074ce00000, 0x000000074cee3be0, 0x000000074d000000| 44%| O|  |TAMS 0x000000074ce00000, 0x000000074ce00000| Untracked 
| 616|0x000000074d000000, 0x000000074d000000, 0x000000074d200000|  0%| F|  |TAMS 0x000000074d000000, 0x000000074d000000| Untracked 
| 617|0x000000074d200000, 0x000000074d200000, 0x000000074d400000|  0%| F|  |TAMS 0x000000074d200000, 0x000000074d200000| Untracked 
| 618|0x000000074d400000, 0x000000074d400000, 0x000000074d600000|  0%| F|  |TAMS 0x000000074d400000, 0x000000074d400000| Untracked 
| 619|0x000000074d600000, 0x000000074d600000, 0x000000074d800000|  0%| F|  |TAMS 0x000000074d600000, 0x000000074d600000| Untracked 
| 620|0x000000074d800000, 0x000000074d800000, 0x000000074da00000|  0%| F|  |TAMS 0x000000074d800000, 0x000000074d800000| Untracked 
| 621|0x000000074da00000, 0x000000074da00000, 0x000000074dc00000|  0%| F|  |TAMS 0x000000074da00000, 0x000000074da00000| Untracked 
| 622|0x000000074dc00000, 0x000000074dc00000, 0x000000074de00000|  0%| F|  |TAMS 0x000000074dc00000, 0x000000074dc00000| Untracked 
| 623|0x000000074de00000, 0x000000074de00000, 0x000000074e000000|  0%| F|  |TAMS 0x000000074de00000, 0x000000074de00000| Untracked 
| 624|0x000000074e000000, 0x000000074e000000, 0x000000074e200000|  0%| F|  |TAMS 0x000000074e000000, 0x000000074e000000| Untracked 
| 625|0x000000074e200000, 0x000000074e200000, 0x000000074e400000|  0%| F|  |TAMS 0x000000074e200000, 0x000000074e200000| Untracked 
| 626|0x000000074e400000, 0x000000074e400000, 0x000000074e600000|  0%| F|  |TAMS 0x000000074e400000, 0x000000074e400000| Untracked 
| 627|0x000000074e600000, 0x000000074e600000, 0x000000074e800000|  0%| F|  |TAMS 0x000000074e600000, 0x000000074e600000| Untracked 
| 628|0x000000074e800000, 0x000000074e800000, 0x000000074ea00000|  0%| F|  |TAMS 0x000000074e800000, 0x000000074e800000| Untracked 
| 629|0x000000074ea00000, 0x000000074ea00000, 0x000000074ec00000|  0%| F|  |TAMS 0x000000074ea00000, 0x000000074ea00000| Untracked 
| 630|0x000000074ec00000, 0x000000074ec00000, 0x000000074ee00000|  0%| F|  |TAMS 0x000000074ec00000, 0x000000074ec00000| Untracked 
| 631|0x000000074ee00000, 0x000000074ee00000, 0x000000074f000000|  0%| F|  |TAMS 0x000000074ee00000, 0x000000074ee00000| Untracked 
| 632|0x000000074f000000, 0x000000074f000000, 0x000000074f200000|  0%| F|  |TAMS 0x000000074f000000, 0x000000074f000000| Untracked 
| 633|0x000000074f200000, 0x000000074f200000, 0x000000074f400000|  0%| F|  |TAMS 0x000000074f200000, 0x000000074f200000| Untracked 
| 634|0x000000074f400000, 0x000000074f400000, 0x000000074f600000|  0%| F|  |TAMS 0x000000074f400000, 0x000000074f400000| Untracked 
| 635|0x000000074f600000, 0x000000074f600000, 0x000000074f800000|  0%| F|  |TAMS 0x000000074f600000, 0x000000074f600000| Untracked 
| 636|0x000000074f800000, 0x000000074f800000, 0x000000074fa00000|  0%| F|  |TAMS 0x000000074f800000, 0x000000074f800000| Untracked 
| 637|0x000000074fa00000, 0x000000074fa00000, 0x000000074fc00000|  0%| F|  |TAMS 0x000000074fa00000, 0x000000074fa00000| Untracked 
| 638|0x000000074fc00000, 0x000000074fc00000, 0x000000074fe00000|  0%| F|  |TAMS 0x000000074fc00000, 0x000000074fc00000| Untracked 
| 639|0x000000074fe00000, 0x000000074fe00000, 0x0000000750000000|  0%| F|  |TAMS 0x000000074fe00000, 0x000000074fe00000| Untracked 
| 640|0x0000000750000000, 0x0000000750000000, 0x0000000750200000|  0%| F|  |TAMS 0x0000000750000000, 0x0000000750000000| Untracked 
| 641|0x0000000750200000, 0x0000000750200000, 0x0000000750400000|  0%| F|  |TAMS 0x0000000750200000, 0x0000000750200000| Untracked 
| 642|0x0000000750400000, 0x0000000750400000, 0x0000000750600000|  0%| F|  |TAMS 0x0000000750400000, 0x0000000750400000| Untracked 
| 643|0x0000000750600000, 0x0000000750600000, 0x0000000750800000|  0%| F|  |TAMS 0x0000000750600000, 0x0000000750600000| Untracked 
| 644|0x0000000750800000, 0x0000000750800000, 0x0000000750a00000|  0%| F|  |TAMS 0x0000000750800000, 0x0000000750800000| Untracked 
| 645|0x0000000750a00000, 0x0000000750a00000, 0x0000000750c00000|  0%| F|  |TAMS 0x0000000750a00000, 0x0000000750a00000| Untracked 
| 646|0x0000000750c00000, 0x0000000750c00000, 0x0000000750e00000|  0%| F|  |TAMS 0x0000000750c00000, 0x0000000750c00000| Untracked 
| 647|0x0000000750e00000, 0x0000000750e00000, 0x0000000751000000|  0%| F|  |TAMS 0x0000000750e00000, 0x0000000750e00000| Untracked 
| 648|0x0000000751000000, 0x0000000751000000, 0x0000000751200000|  0%| F|  |TAMS 0x0000000751000000, 0x0000000751000000| Untracked 
| 649|0x0000000751200000, 0x0000000751200000, 0x0000000751400000|  0%| F|  |TAMS 0x0000000751200000, 0x0000000751200000| Untracked 
| 650|0x0000000751400000, 0x0000000751400000, 0x0000000751600000|  0%| F|  |TAMS 0x0000000751400000, 0x0000000751400000| Untracked 
| 651|0x0000000751600000, 0x0000000751600000, 0x0000000751800000|  0%| F|  |TAMS 0x0000000751600000, 0x0000000751600000| Untracked 
| 652|0x0000000751800000, 0x0000000751800000, 0x0000000751a00000|  0%| F|  |TAMS 0x0000000751800000, 0x0000000751800000| Untracked 
| 653|0x0000000751a00000, 0x0000000751a00000, 0x0000000751c00000|  0%| F|  |TAMS 0x0000000751a00000, 0x0000000751a00000| Untracked 
| 654|0x0000000751c00000, 0x0000000751c00000, 0x0000000751e00000|  0%| F|  |TAMS 0x0000000751c00000, 0x0000000751c00000| Untracked 
| 655|0x0000000751e00000, 0x0000000751e00000, 0x0000000752000000|  0%| F|  |TAMS 0x0000000751e00000, 0x0000000751e00000| Untracked 
| 656|0x0000000752000000, 0x0000000752000000, 0x0000000752200000|  0%| F|  |TAMS 0x0000000752000000, 0x0000000752000000| Untracked 
| 657|0x0000000752200000, 0x0000000752200000, 0x0000000752400000|  0%| F|  |TAMS 0x0000000752200000, 0x0000000752200000| Untracked 
| 658|0x0000000752400000, 0x0000000752400000, 0x0000000752600000|  0%| F|  |TAMS 0x0000000752400000, 0x0000000752400000| Untracked 
| 659|0x0000000752600000, 0x0000000752600000, 0x0000000752800000|  0%| F|  |TAMS 0x0000000752600000, 0x0000000752600000| Untracked 
| 660|0x0000000752800000, 0x0000000752800000, 0x0000000752a00000|  0%| F|  |TAMS 0x0000000752800000, 0x0000000752800000| Untracked 
| 661|0x0000000752a00000, 0x0000000752a00000, 0x0000000752c00000|  0%| F|  |TAMS 0x0000000752a00000, 0x0000000752a00000| Untracked 
| 662|0x0000000752c00000, 0x0000000752c00000, 0x0000000752e00000|  0%| F|  |TAMS 0x0000000752c00000, 0x0000000752c00000| Untracked 
| 663|0x0000000752e00000, 0x0000000752e00000, 0x0000000753000000|  0%| F|  |TAMS 0x0000000752e00000, 0x0000000752e00000| Untracked 
| 664|0x0000000753000000, 0x0000000753000000, 0x0000000753200000|  0%| F|  |TAMS 0x0000000753000000, 0x0000000753000000| Untracked 
| 665|0x0000000753200000, 0x0000000753200000, 0x0000000753400000|  0%| F|  |TAMS 0x0000000753200000, 0x0000000753200000| Untracked 
| 666|0x0000000753400000, 0x0000000753400000, 0x0000000753600000|  0%| F|  |TAMS 0x0000000753400000, 0x0000000753400000| Untracked 
| 667|0x0000000753600000, 0x0000000753600000, 0x0000000753800000|  0%| F|  |TAMS 0x0000000753600000, 0x0000000753600000| Untracked 
| 668|0x0000000753800000, 0x0000000753800000, 0x0000000753a00000|  0%| F|  |TAMS 0x0000000753800000, 0x0000000753800000| Untracked 
| 669|0x0000000753a00000, 0x0000000753a00000, 0x0000000753c00000|  0%| F|  |TAMS 0x0000000753a00000, 0x0000000753a00000| Untracked 
| 670|0x0000000753c00000, 0x0000000753c00000, 0x0000000753e00000|  0%| F|  |TAMS 0x0000000753c00000, 0x0000000753c00000| Untracked 
| 671|0x0000000753e00000, 0x0000000753e00000, 0x0000000754000000|  0%| F|  |TAMS 0x0000000753e00000, 0x0000000753e00000| Untracked 
| 672|0x0000000754000000, 0x0000000754000000, 0x0000000754200000|  0%| F|  |TAMS 0x0000000754000000, 0x0000000754000000| Untracked 
| 673|0x0000000754200000, 0x0000000754200000, 0x0000000754400000|  0%| F|  |TAMS 0x0000000754200000, 0x0000000754200000| Untracked 
| 674|0x0000000754400000, 0x0000000754400000, 0x0000000754600000|  0%| F|  |TAMS 0x0000000754400000, 0x0000000754400000| Untracked 
| 675|0x0000000754600000, 0x0000000754600000, 0x0000000754800000|  0%| F|  |TAMS 0x0000000754600000, 0x0000000754600000| Untracked 
| 676|0x0000000754800000, 0x0000000754800000, 0x0000000754a00000|  0%| F|  |TAMS 0x0000000754800000, 0x0000000754800000| Untracked 
| 677|0x0000000754a00000, 0x0000000754a00000, 0x0000000754c00000|  0%| F|  |TAMS 0x0000000754a00000, 0x0000000754a00000| Untracked 
| 678|0x0000000754c00000, 0x0000000754c00000, 0x0000000754e00000|  0%| F|  |TAMS 0x0000000754c00000, 0x0000000754c00000| Untracked 
| 679|0x0000000754e00000, 0x0000000754e00000, 0x0000000755000000|  0%| F|  |TAMS 0x0000000754e00000, 0x0000000754e00000| Untracked 
| 680|0x0000000755000000, 0x0000000755000000, 0x0000000755200000|  0%| F|  |TAMS 0x0000000755000000, 0x0000000755000000| Untracked 
| 681|0x0000000755200000, 0x0000000755200000, 0x0000000755400000|  0%| F|  |TAMS 0x0000000755200000, 0x0000000755200000| Untracked 
| 682|0x0000000755400000, 0x0000000755400000, 0x0000000755600000|  0%| F|  |TAMS 0x0000000755400000, 0x0000000755400000| Untracked 
| 683|0x0000000755600000, 0x0000000755600000, 0x0000000755800000|  0%| F|  |TAMS 0x0000000755600000, 0x0000000755600000| Untracked 
| 684|0x0000000755800000, 0x0000000755800000, 0x0000000755a00000|  0%| F|  |TAMS 0x0000000755800000, 0x0000000755800000| Untracked 
| 685|0x0000000755a00000, 0x0000000755a00000, 0x0000000755c00000|  0%| F|  |TAMS 0x0000000755a00000, 0x0000000755a00000| Untracked 
| 686|0x0000000755c00000, 0x0000000755c00000, 0x0000000755e00000|  0%| F|  |TAMS 0x0000000755c00000, 0x0000000755c00000| Untracked 
| 687|0x0000000755e00000, 0x0000000755e00000, 0x0000000756000000|  0%| F|  |TAMS 0x0000000755e00000, 0x0000000755e00000| Untracked 
| 688|0x0000000756000000, 0x0000000756000000, 0x0000000756200000|  0%| F|  |TAMS 0x0000000756000000, 0x0000000756000000| Untracked 
| 689|0x0000000756200000, 0x0000000756200000, 0x0000000756400000|  0%| F|  |TAMS 0x0000000756200000, 0x0000000756200000| Untracked 
| 690|0x0000000756400000, 0x0000000756400000, 0x0000000756600000|  0%| F|  |TAMS 0x0000000756400000, 0x0000000756400000| Untracked 
| 691|0x0000000756600000, 0x0000000756600000, 0x0000000756800000|  0%| F|  |TAMS 0x0000000756600000, 0x0000000756600000| Untracked 
| 692|0x0000000756800000, 0x0000000756800000, 0x0000000756a00000|  0%| F|  |TAMS 0x0000000756800000, 0x0000000756800000| Untracked 
| 693|0x0000000756a00000, 0x0000000756a00000, 0x0000000756c00000|  0%| F|  |TAMS 0x0000000756a00000, 0x0000000756a00000| Untracked 
| 694|0x0000000756c00000, 0x0000000756c00000, 0x0000000756e00000|  0%| F|  |TAMS 0x0000000756c00000, 0x0000000756c00000| Untracked 
| 695|0x0000000756e00000, 0x0000000757000000, 0x0000000757000000|100%| E|CS|TAMS 0x0000000756e00000, 0x0000000756e00000| Complete 
| 696|0x0000000757000000, 0x0000000757200000, 0x0000000757200000|100%| E|CS|TAMS 0x0000000757000000, 0x0000000757000000| Complete 
| 697|0x0000000757200000, 0x0000000757400000, 0x0000000757400000|100%| E|CS|TAMS 0x0000000757200000, 0x0000000757200000| Complete 
| 698|0x0000000757400000, 0x0000000757600000, 0x0000000757600000|100%| E|CS|TAMS 0x0000000757400000, 0x0000000757400000| Complete 
| 699|0x0000000757600000, 0x0000000757800000, 0x0000000757800000|100%| E|CS|TAMS 0x0000000757600000, 0x0000000757600000| Complete 
| 700|0x0000000757800000, 0x0000000757a00000, 0x0000000757a00000|100%| E|CS|TAMS 0x0000000757800000, 0x0000000757800000| Complete 
| 701|0x0000000757a00000, 0x0000000757c00000, 0x0000000757c00000|100%| E|CS|TAMS 0x0000000757a00000, 0x0000000757a00000| Complete 
| 702|0x0000000757c00000, 0x0000000757e00000, 0x0000000757e00000|100%| E|CS|TAMS 0x0000000757c00000, 0x0000000757c00000| Complete 
| 703|0x0000000757e00000, 0x0000000757e00000, 0x0000000758000000|  0%| F|  |TAMS 0x0000000757e00000, 0x0000000757e00000| Untracked 
| 704|0x0000000758000000, 0x0000000758000000, 0x0000000758200000|  0%| F|  |TAMS 0x0000000758000000, 0x0000000758000000| Untracked 
| 705|0x0000000758200000, 0x0000000758200000, 0x0000000758400000|  0%| F|  |TAMS 0x0000000758200000, 0x0000000758200000| Untracked 
| 706|0x0000000758400000, 0x0000000758600000, 0x0000000758600000|100%| S|  |TAMS 0x0000000758400000, 0x0000000758400000| Complete 
| 707|0x0000000758600000, 0x0000000758800000, 0x0000000758800000|100%| S|  |TAMS 0x0000000758600000, 0x0000000758600000| Complete 
| 708|0x0000000758800000, 0x0000000758a00000, 0x0000000758a00000|100%| S|  |TAMS 0x0000000758800000, 0x0000000758800000| Complete 
| 709|0x0000000758a00000, 0x0000000758c00000, 0x0000000758c00000|100%| S|  |TAMS 0x0000000758a00000, 0x0000000758a00000| Complete 
| 710|0x0000000758c00000, 0x0000000758e00000, 0x0000000758e00000|100%| S|  |TAMS 0x0000000758c00000, 0x0000000758c00000| Complete 
| 711|0x0000000758e00000, 0x0000000759000000, 0x0000000759000000|100%| S|  |TAMS 0x0000000758e00000, 0x0000000758e00000| Complete 
| 712|0x0000000759000000, 0x0000000759200000, 0x0000000759200000|100%| E|CS|TAMS 0x0000000759000000, 0x0000000759000000| Complete 
| 713|0x0000000759200000, 0x0000000759400000, 0x0000000759400000|100%| E|CS|TAMS 0x0000000759200000, 0x0000000759200000| Complete 
| 714|0x0000000759400000, 0x0000000759600000, 0x0000000759600000|100%| E|CS|TAMS 0x0000000759400000, 0x0000000759400000| Complete 
| 715|0x0000000759600000, 0x0000000759800000, 0x0000000759800000|100%| E|CS|TAMS 0x0000000759600000, 0x0000000759600000| Complete 
| 716|0x0000000759800000, 0x0000000759a00000, 0x0000000759a00000|100%| E|CS|TAMS 0x0000000759800000, 0x0000000759800000| Complete 
| 717|0x0000000759a00000, 0x0000000759c00000, 0x0000000759c00000|100%| E|CS|TAMS 0x0000000759a00000, 0x0000000759a00000| Complete 
| 718|0x0000000759c00000, 0x0000000759e00000, 0x0000000759e00000|100%| E|CS|TAMS 0x0000000759c00000, 0x0000000759c00000| Complete 
| 719|0x0000000759e00000, 0x000000075a000000, 0x000000075a000000|100%| E|CS|TAMS 0x0000000759e00000, 0x0000000759e00000| Complete 
| 720|0x000000075a000000, 0x000000075a200000, 0x000000075a200000|100%| E|CS|TAMS 0x000000075a000000, 0x000000075a000000| Complete 
| 721|0x000000075a200000, 0x000000075a400000, 0x000000075a400000|100%| E|CS|TAMS 0x000000075a200000, 0x000000075a200000| Complete 
| 722|0x000000075a400000, 0x000000075a600000, 0x000000075a600000|100%| E|CS|TAMS 0x000000075a400000, 0x000000075a400000| Complete 
| 723|0x000000075a600000, 0x000000075a800000, 0x000000075a800000|100%| E|CS|TAMS 0x000000075a600000, 0x000000075a600000| Complete 
| 724|0x000000075a800000, 0x000000075aa00000, 0x000000075aa00000|100%| E|CS|TAMS 0x000000075a800000, 0x000000075a800000| Complete 
| 725|0x000000075aa00000, 0x000000075ac00000, 0x000000075ac00000|100%| E|CS|TAMS 0x000000075aa00000, 0x000000075aa00000| Complete 
| 726|0x000000075ac00000, 0x000000075ae00000, 0x000000075ae00000|100%| E|CS|TAMS 0x000000075ac00000, 0x000000075ac00000| Complete 
| 727|0x000000075ae00000, 0x000000075b000000, 0x000000075b000000|100%| E|CS|TAMS 0x000000075ae00000, 0x000000075ae00000| Complete 
| 728|0x000000075b000000, 0x000000075b200000, 0x000000075b200000|100%| E|CS|TAMS 0x000000075b000000, 0x000000075b000000| Complete 
| 729|0x000000075b200000, 0x000000075b400000, 0x000000075b400000|100%| E|CS|TAMS 0x000000075b200000, 0x000000075b200000| Complete 
| 730|0x000000075b400000, 0x000000075b600000, 0x000000075b600000|100%| E|CS|TAMS 0x000000075b400000, 0x000000075b400000| Complete 
| 731|0x000000075b600000, 0x000000075b800000, 0x000000075b800000|100%| E|CS|TAMS 0x000000075b600000, 0x000000075b600000| Complete 
| 732|0x000000075b800000, 0x000000075ba00000, 0x000000075ba00000|100%| E|CS|TAMS 0x000000075b800000, 0x000000075b800000| Complete 
| 733|0x000000075ba00000, 0x000000075bc00000, 0x000000075bc00000|100%| E|CS|TAMS 0x000000075ba00000, 0x000000075ba00000| Complete 
| 734|0x000000075bc00000, 0x000000075be00000, 0x000000075be00000|100%| E|CS|TAMS 0x000000075bc00000, 0x000000075bc00000| Complete 
| 735|0x000000075be00000, 0x000000075c000000, 0x000000075c000000|100%| E|CS|TAMS 0x000000075be00000, 0x000000075be00000| Complete 
| 736|0x000000075c000000, 0x000000075c200000, 0x000000075c200000|100%| E|CS|TAMS 0x000000075c000000, 0x000000075c000000| Complete 
| 737|0x000000075c200000, 0x000000075c400000, 0x000000075c400000|100%| E|CS|TAMS 0x000000075c200000, 0x000000075c200000| Complete 
| 738|0x000000075c400000, 0x000000075c600000, 0x000000075c600000|100%| E|CS|TAMS 0x000000075c400000, 0x000000075c400000| Complete 
| 739|0x000000075c600000, 0x000000075c800000, 0x000000075c800000|100%| E|CS|TAMS 0x000000075c600000, 0x000000075c600000| Complete 
| 740|0x000000075c800000, 0x000000075ca00000, 0x000000075ca00000|100%| E|CS|TAMS 0x000000075c800000, 0x000000075c800000| Complete 
| 741|0x000000075ca00000, 0x000000075cc00000, 0x000000075cc00000|100%| E|CS|TAMS 0x000000075ca00000, 0x000000075ca00000| Complete 
| 742|0x000000075cc00000, 0x000000075ce00000, 0x000000075ce00000|100%| E|CS|TAMS 0x000000075cc00000, 0x000000075cc00000| Complete 
| 743|0x000000075ce00000, 0x000000075d000000, 0x000000075d000000|100%| E|CS|TAMS 0x000000075ce00000, 0x000000075ce00000| Complete 
| 744|0x000000075d000000, 0x000000075d200000, 0x000000075d200000|100%| E|CS|TAMS 0x000000075d000000, 0x000000075d000000| Complete 
| 745|0x000000075d200000, 0x000000075d400000, 0x000000075d400000|100%| E|CS|TAMS 0x000000075d200000, 0x000000075d200000| Complete 
| 746|0x000000075d400000, 0x000000075d600000, 0x000000075d600000|100%| E|CS|TAMS 0x000000075d400000, 0x000000075d400000| Complete 
| 747|0x000000075d600000, 0x000000075d800000, 0x000000075d800000|100%| E|CS|TAMS 0x000000075d600000, 0x000000075d600000| Complete 
| 748|0x000000075d800000, 0x000000075da00000, 0x000000075da00000|100%| E|CS|TAMS 0x000000075d800000, 0x000000075d800000| Complete 
| 749|0x000000075da00000, 0x000000075dc00000, 0x000000075dc00000|100%| E|CS|TAMS 0x000000075da00000, 0x000000075da00000| Complete 
| 750|0x000000075dc00000, 0x000000075de00000, 0x000000075de00000|100%| E|CS|TAMS 0x000000075dc00000, 0x000000075dc00000| Complete 
| 751|0x000000075de00000, 0x000000075e000000, 0x000000075e000000|100%| E|CS|TAMS 0x000000075de00000, 0x000000075de00000| Complete 

Card table byte_map: [0x000001a86e990000,0x000001a86f190000] _byte_map_base: 0x000001a86b190000

Marking Bits (Prev, Next): (CMBitMap*) 0x000001a857827b70, (CMBitMap*) 0x000001a857827b30
 Prev Bits: [0x000001a873990000, 0x000001a877990000)
 Next Bits: [0x000001a86f990000, 0x000001a873990000)

Polling page: 0x000001a855740000

Metaspace:

Usage:
  Non-class:     74.80 MB used.
      Class:     11.40 MB used.
       Both:     86.20 MB used.

Virtual space:
  Non-class space:      128.00 MB reserved,      75.31 MB ( 59%) committed,  2 nodes.
      Class space:        1.00 GB reserved,      11.88 MB (  1%) committed,  1 nodes.
             Both:        1.12 GB reserved,      87.19 MB (  8%) committed. 

Chunk freelists:
   Non-Class:  4.03 MB
       Class:  4.04 MB
        Both:  8.07 MB

MaxMetaspaceSize: unlimited
CompressedClassSpaceSize: 1.00 GB
Initial GC threshold: 21.00 MB
Current GC threshold: 126.56 MB
CDS: on
MetaspaceReclaimPolicy: balanced
 - commit_granule_bytes: 65536.
 - commit_granule_words: 8192.
 - virtual_space_node_default_size: 8388608.
 - enlarge_chunks_in_place: 1.
 - new_chunks_are_fully_committed: 0.
 - uncommit_free_chunks: 1.
 - use_allocation_guard: 0.
 - handle_deallocations: 1.


Internal statistics:

num_allocs_failed_limit: 9.
num_arena_births: 1142.
num_arena_deaths: 0.
num_vsnodes_births: 3.
num_vsnodes_deaths: 0.
num_space_committed: 1395.
num_space_uncommitted: 0.
num_chunks_returned_to_freelist: 9.
num_chunks_taken_from_freelist: 4806.
num_chunk_merges: 9.
num_chunk_splits: 3033.
num_chunks_enlarged: 1835.
num_inconsistent_stats: 0.

CodeHeap 'non-profiled nmethods': size=120000Kb used=14244Kb max_used=14244Kb free=105756Kb
 bounds [0x000001a866b50000, 0x000001a867940000, 0x000001a86e080000]
CodeHeap 'profiled nmethods': size=120000Kb used=31583Kb max_used=31620Kb free=88416Kb
 bounds [0x000001a85f080000, 0x000001a860f70000, 0x000001a8665b0000]
CodeHeap 'non-nmethods': size=5760Kb used=2406Kb max_used=2478Kb free=3353Kb
 bounds [0x000001a8665b0000, 0x000001a866830000, 0x000001a866b50000]
 total_blobs=17146 nmethods=16218 adapters=840
 compilation: enabled
              stopped_count=0, restarted_count=0
 full_count=0

Compilation events (20 events):
Event: 1893.168 Thread 0x000001a87a1e5440 21198       4       com.sun.tools.javac.parser.JavacParser::annotationFieldValue (99 bytes)
Event: 1893.253 Thread 0x000001a87a1e5440 nmethod 21198 0x000001a867926410 code [0x000001a867926960, 0x000001a867928708]
Event: 1893.493 Thread 0x000001a87a1e5440 21199       4       com.sun.tools.javac.parser.JavacParser::annotationFieldValues (78 bytes)
Event: 1893.577 Thread 0x000001a87a1e5440 nmethod 21199 0x000001a86792a410 code [0x000001a86792a740, 0x000001a86792c8c8]
Event: 1893.577 Thread 0x000001a87a1e5440 21200       4       com.sun.tools.javac.parser.JavacParser::switchBlockStatementGroup (524 bytes)
Event: 1893.768 Thread 0x000001a87a1e7e10 21202       3       jdk.internal.math.FDBigInteger::cmp (147 bytes)
Event: 1893.769 Thread 0x000001a87a1e7e10 nmethod 21202 0x000001a860a04490 code [0x000001a860a046c0, 0x000001a860a04ef8]
Event: 1893.936 Thread 0x000001a87a1e5440 nmethod 21200 0x000001a86792d810 code [0x000001a86792e080, 0x000001a8679340a0]
Event: 1893.937 Thread 0x000001a87a1e5440 21201       4       com.sun.tools.javac.tree.TreeMaker::Indexed (20 bytes)
Event: 1893.938 Thread 0x000001a87a1e5440 nmethod 21201 0x000001a867332d90 code [0x000001a867332f20, 0x000001a867333018]
Event: 1894.405 Thread 0x000001a87a1e5440 21203   !   4       com.sun.tools.javac.util.DiagnosticSource::findLine (235 bytes)
Event: 1894.422 Thread 0x000001a87a1e5440 nmethod 21203 0x000001a8676e5e90 code [0x000001a8676e6060, 0x000001a8676e6798]
Event: 1895.377 Thread 0x000001a87a1e5440 21204       4       com.sun.tools.javac.tree.JCTree$JCCase::<init> (53 bytes)
Event: 1895.383 Thread 0x000001a87a1e5440 nmethod 21204 0x000001a8676e5690 code [0x000001a8676e5820, 0x000001a8676e5cd8]
Event: 1895.383 Thread 0x000001a87a1e5440 21205       4       com.sun.tools.javac.tree.TreeMaker::Case (26 bytes)
Event: 1895.391 Thread 0x000001a87a1e5440 nmethod 21205 0x000001a867938310 code [0x000001a8679384a0, 0x000001a867938998]
Event: 1895.795 Thread 0x000001a87a1e7e10 21206       3       jdk.internal.math.FDBigInteger::leftShift (50 bytes)
Event: 1895.795 Thread 0x000001a87a1e7e10 nmethod 21206 0x000001a860888390 code [0x000001a860888540, 0x000001a860888778]
Event: 1896.080 Thread 0x000001a87a1e5440 21207       4       jdk.internal.math.FDBigInteger::trimLeadingZeros (57 bytes)
Event: 1896.083 Thread 0x000001a87a1e5440 nmethod 21207 0x000001a867938b90 code [0x000001a867938d20, 0x000001a867938ed8]

GC Heap History (20 events):
Event: 1858.476 GC heap after
{Heap after GC invocations=64 (full 0):
 garbage-first heap   total 1540096K, used 805844K [0x0000000700000000, 0x0000000800000000)
  region size 2048K, 6 young (12288K), 6 survivors (12288K)
 Metaspace       used 88186K, committed 89152K, reserved 1179648K
  class space    used 11668K, committed 12160K, reserved 1048576K
}
Event: 1876.741 GC heap before
{Heap before GC invocations=64 (full 0):
 garbage-first heap   total 1540096K, used 1295316K [0x0000000700000000, 0x0000000800000000)
  region size 2048K, 221 young (452608K), 6 survivors (12288K)
 Metaspace       used 88198K, committed 89216K, reserved 1179648K
  class space    used 11668K, committed 12160K, reserved 1048576K
}
Event: 1876.838 GC heap after
{Heap after GC invocations=65 (full 0):
 garbage-first heap   total 1540096K, used 890359K [0x0000000700000000, 0x0000000800000000)
  region size 2048K, 28 young (57344K), 28 survivors (57344K)
 Metaspace       used 88198K, committed 89216K, reserved 1179648K
  class space    used 11668K, committed 12160K, reserved 1048576K
}
Event: 1878.570 GC heap before
{Heap before GC invocations=65 (full 0):
 garbage-first heap   total 1540096K, used 1254903K [0x0000000700000000, 0x0000000800000000)
  region size 2048K, 202 young (413696K), 28 survivors (57344K)
 Metaspace       used 88198K, committed 89216K, reserved 1179648K
  class space    used 11668K, committed 12160K, reserved 1048576K
}
Event: 1878.705 GC heap after
{Heap after GC invocations=66 (full 0):
 garbage-first heap   total 1540096K, used 976852K [0x0000000700000000, 0x0000000800000000)
  region size 2048K, 26 young (53248K), 26 survivors (53248K)
 Metaspace       used 88198K, committed 89216K, reserved 1179648K
  class space    used 11668K, committed 12160K, reserved 1048576K
}
Event: 1879.912 GC heap before
{Heap before GC invocations=66 (full 0):
 garbage-first heap   total 1540096K, used 1255380K [0x0000000700000000, 0x0000000800000000)
  region size 2048K, 162 young (331776K), 26 survivors (53248K)
 Metaspace       used 88198K, committed 89216K, reserved 1179648K
  class space    used 11668K, committed 12160K, reserved 1048576K
}
Event: 1880.020 GC heap after
{Heap after GC invocations=67 (full 0):
 garbage-first heap   total 1540096K, used 1042388K [0x0000000700000000, 0x0000000800000000)
  region size 2048K, 21 young (43008K), 21 survivors (43008K)
 Metaspace       used 88198K, committed 89216K, reserved 1179648K
  class space    used 11668K, committed 12160K, reserved 1048576K
}
Event: 1881.640 GC heap before
{Heap before GC invocations=67 (full 0):
 garbage-first heap   total 1540096K, used 1351636K [0x0000000700000000, 0x0000000800000000)
  region size 2048K, 132 young (270336K), 21 survivors (43008K)
 Metaspace       used 88263K, committed 89280K, reserved 1179648K
  class space    used 11668K, committed 12160K, reserved 1048576K
}
Event: 1881.730 GC heap after
{Heap after GC invocations=68 (full 0):
 garbage-first heap   total 1540096K, used 1074132K [0x0000000700000000, 0x0000000800000000)
  region size 2048K, 17 young (34816K), 17 survivors (34816K)
 Metaspace       used 88263K, committed 89280K, reserved 1179648K
  class space    used 11668K, committed 12160K, reserved 1048576K
}
Event: 1893.334 GC heap before
{Heap before GC invocations=68 (full 0):
 garbage-first heap   total 1540096K, used 1291220K [0x0000000700000000, 0x0000000800000000)
  region size 2048K, 117 young (239616K), 17 survivors (34816K)
 Metaspace       used 88265K, committed 89280K, reserved 1179648K
  class space    used 11668K, committed 12160K, reserved 1048576K
}
Event: 1893.396 GC heap after
{Heap after GC invocations=69 (full 0):
 garbage-first heap   total 1540096K, used 1112020K [0x0000000700000000, 0x0000000800000000)
  region size 2048K, 15 young (30720K), 15 survivors (30720K)
 Metaspace       used 88265K, committed 89280K, reserved 1179648K
  class space    used 11668K, committed 12160K, reserved 1048576K
}
Event: 1894.126 GC heap before
{Heap before GC invocations=69 (full 0):
 garbage-first heap   total 1540096K, used 1294292K [0x0000000700000000, 0x0000000800000000)
  region size 2048K, 105 young (215040K), 15 survivors (30720K)
 Metaspace       used 88265K, committed 89280K, reserved 1179648K
  class space    used 11668K, committed 12160K, reserved 1048576K
}
Event: 1894.195 GC heap after
{Heap after GC invocations=70 (full 0):
 garbage-first heap   total 1540096K, used 1154004K [0x0000000700000000, 0x0000000800000000)
  region size 2048K, 14 young (28672K), 14 survivors (28672K)
 Metaspace       used 88265K, committed 89280K, reserved 1179648K
  class space    used 11668K, committed 12160K, reserved 1048576K
}
Event: 1894.767 GC heap before
{Heap before GC invocations=70 (full 0):
 garbage-first heap   total 1540096K, used 1301460K [0x0000000700000000, 0x0000000800000000)
  region size 2048K, 87 young (178176K), 14 survivors (28672K)
 Metaspace       used 88265K, committed 89280K, reserved 1179648K
  class space    used 11668K, committed 12160K, reserved 1048576K
}
Event: 1894.840 GC heap after
{Heap after GC invocations=71 (full 0):
 garbage-first heap   total 1540096K, used 1190868K [0x0000000700000000, 0x0000000800000000)
  region size 2048K, 11 young (22528K), 11 survivors (22528K)
 Metaspace       used 88265K, committed 89280K, reserved 1179648K
  class space    used 11668K, committed 12160K, reserved 1048576K
}
Event: 1895.392 GC heap before
{Heap before GC invocations=71 (full 0):
 garbage-first heap   total 1540096K, used 1323988K [0x0000000700000000, 0x0000000800000000)
  region size 2048K, 72 young (147456K), 11 survivors (22528K)
 Metaspace       used 88265K, committed 89280K, reserved 1179648K
  class space    used 11668K, committed 12160K, reserved 1048576K
}
Event: 1895.450 GC heap after
{Heap after GC invocations=72 (full 0):
 garbage-first heap   total 1540096K, used 1226708K [0x0000000700000000, 0x0000000800000000)
  region size 2048K, 9 young (18432K), 9 survivors (18432K)
 Metaspace       used 88265K, committed 89280K, reserved 1179648K
  class space    used 11668K, committed 12160K, reserved 1048576K
}
Event: 1895.904 GC heap before
{Heap before GC invocations=72 (full 0):
 garbage-first heap   total 1540096K, used 1327060K [0x0000000700000000, 0x0000000800000000)
  region size 2048K, 58 young (118784K), 9 survivors (18432K)
 Metaspace       used 88265K, committed 89280K, reserved 1179648K
  class space    used 11668K, committed 12160K, reserved 1048576K
}
Event: 1895.950 GC heap after
{Heap after GC invocations=73 (full 0):
 garbage-first heap   total 1540096K, used 1252308K [0x0000000700000000, 0x0000000800000000)
  region size 2048K, 8 young (16384K), 8 survivors (16384K)
 Metaspace       used 88265K, committed 89280K, reserved 1179648K
  class space    used 11668K, committed 12160K, reserved 1048576K
}
Event: 1896.230 GC heap before
{Heap before GC invocations=73 (full 0):
 garbage-first heap   total 1540096K, used 1334228K [0x0000000700000000, 0x0000000800000000)
  region size 2048K, 48 young (98304K), 8 survivors (16384K)
 Metaspace       used 88265K, committed 89280K, reserved 1179648K
  class space    used 11668K, committed 12160K, reserved 1048576K
}

Deoptimization events (20 events):
Event: 1880.986 Thread 0x000001a87a8d1620 Uncommon trap: trap_request=0xffffff45 fr.pc=0x000001a866c6dee8 relative=0x00000000000013c8
Event: 1880.986 Thread 0x000001a87a8d1620 Uncommon trap: reason=unstable_if action=reinterpret pc=0x000001a866c6dee8 method=java.util.concurrent.ConcurrentHashMap.addCount(JI)V @ 97 c2
Event: 1880.986 Thread 0x000001a87a8d1620 DEOPT PACKING pc=0x000001a866c6dee8 sp=0x0000002ad0bfe4e0
Event: 1880.986 Thread 0x000001a87a8d1620 DEOPT UNPACKING pc=0x000001a8666023a3 sp=0x0000002ad0bfe3b0 mode 2
Event: 1880.987 Thread 0x000001a87a8d3480 DEOPT PACKING pc=0x000001a85f277c90 sp=0x0000002ad13fddb0
Event: 1880.987 Thread 0x000001a87a8d3480 DEOPT UNPACKING pc=0x000001a866602b43 sp=0x0000002ad13fd2d0 mode 0
Event: 1892.629 Thread 0x000001a87a8d1b30 DEOPT PACKING pc=0x000001a86044e3ef sp=0x0000002ad0ff9210
Event: 1892.629 Thread 0x000001a87a8d1b30 DEOPT UNPACKING pc=0x000001a866602b43 sp=0x0000002ad0ff8740 mode 0
Event: 1892.845 Thread 0x000001a87a8d1b30 DEOPT PACKING pc=0x000001a85f6607cd sp=0x0000002ad0ff84d0
Event: 1892.845 Thread 0x000001a87a8d1b30 DEOPT UNPACKING pc=0x000001a866602b43 sp=0x0000002ad0ff7a40 mode 0
Event: 1892.902 Thread 0x000001a87a8d1b30 DEOPT PACKING pc=0x000001a86028632d sp=0x0000002ad0ff8170
Event: 1892.902 Thread 0x000001a87a8d1b30 DEOPT UNPACKING pc=0x000001a866602b43 sp=0x0000002ad0ff76f0 mode 0
Event: 1892.924 Thread 0x000001a87a8d1b30 DEOPT PACKING pc=0x000001a86028632d sp=0x0000002ad0ff8170
Event: 1892.924 Thread 0x000001a87a8d1b30 DEOPT UNPACKING pc=0x000001a866602b43 sp=0x0000002ad0ff76f0 mode 0
Event: 1892.943 Thread 0x000001a87a8d1b30 DEOPT PACKING pc=0x000001a86028632d sp=0x0000002ad0ff8170
Event: 1892.943 Thread 0x000001a87a8d1b30 DEOPT UNPACKING pc=0x000001a866602b43 sp=0x0000002ad0ff76f0 mode 0
Event: 1892.970 Thread 0x000001a87a8d1b30 DEOPT PACKING pc=0x000001a86028632d sp=0x0000002ad0ff8170
Event: 1892.970 Thread 0x000001a87a8d1b30 DEOPT UNPACKING pc=0x000001a866602b43 sp=0x0000002ad0ff76f0 mode 0
Event: 1894.405 Thread 0x000001a87a8d1b30 DEOPT PACKING pc=0x000001a86070a9e4 sp=0x0000002ad0ff7fb0
Event: 1894.405 Thread 0x000001a87a8d1b30 DEOPT UNPACKING pc=0x000001a866602b43 sp=0x0000002ad0ff7460 mode 0

Classes unloaded (0 events):
No events

Classes redefined (0 events):
No events

Internal exceptions (20 events):
Event: 100.261 Thread 0x000001a84377da40 Exception <a 'java/lang/ClassNotFoundException'{0x000000075d133e78}: com/google/common/io/FilesCustomizer> (0x000000075d133e78) 
thrown [s\open\src\hotspot\share\classfile\systemDictionary.cpp, line 256]
Event: 100.315 Thread 0x000001a87fe073d0 Exception <a 'java/lang/NoSuchMethodError'{0x000000075ccc64e8}: static Lorg/gradle/internal/build/event/types/DefaultJavaCompileTaskSuccessResult;.<clinit>()V> (0x000000075ccc64e8) 
thrown [s\open\src\hotspot\share\prims\jni.cpp, line 1112]
Event: 100.316 Thread 0x000001a87fe073d0 Exception <a 'java/lang/NoSuchMethodError'{0x000000075ccdbe28}: static Lorg/gradle/internal/build/event/types/DefaultAnnotationProcessorResult;.<clinit>()V> (0x000000075ccdbe28) 
thrown [s\open\src\hotspot\share\prims\jni.cpp, line 1112]
Event: 101.795 Thread 0x000001a84377da40 Exception <a 'java/lang/ClassNotFoundException'{0x0000000758d0a1b8}: java/util/CollectionsBeanInfo> (0x0000000758d0a1b8) 
thrown [s\open\src\hotspot\share\classfile\systemDictionary.cpp, line 256]
Event: 101.795 Thread 0x000001a84377da40 Exception <a 'java/lang/ClassNotFoundException'{0x0000000758d10a28}: java/util/CollectionsCustomizer> (0x0000000758d10a28) 
thrown [s\open\src\hotspot\share\classfile\systemDictionary.cpp, line 256]
Event: 101.807 Thread 0x000001a84377da40 Exception <a 'java/lang/ClassNotFoundException'{0x0000000758d9ccf8}: com/intellij/openapi/externalSystem/rt/execution/ForkedDebuggerHelperBeanInfo> (0x0000000758d9ccf8) 
thrown [s\open\src\hotspot\share\classfile\systemDictionary.cpp, line 256]
Event: 101.808 Thread 0x000001a84377da40 Exception <a 'java/lang/ClassNotFoundException'{0x0000000758da5b50}: com/intellij/openapi/externalSystem/rt/execution/ForkedDebuggerHelperCustomizer> (0x0000000758da5b50) 
thrown [s\open\src\hotspot\share\classfile\systemDictionary.cpp, line 256]
Event: 1624.180 Thread 0x000001a87fe07df0 Implicit null exception at 0x000001a86774feed to 0x000001a8677533a0
Event: 1624.197 Thread 0x000001a87fe07df0 Implicit null exception at 0x000001a86773ad65 to 0x000001a86773ae8c
Event: 1842.959 Thread 0x000001a843777a10 Exception <a 'java/lang/NoSuchMethodError'{0x0000000751c22e08}: static Lorg/gradle/launcher/daemon/protocol/Command;.<clinit>()V> (0x0000000751c22e08) 
thrown [s\open\src\hotspot\share\prims\jni.cpp, line 1112]
Event: 1842.960 Thread 0x000001a843777a10 Exception <a 'java/lang/NoSuchMethodError'{0x0000000751c2d4a0}: static Lorg/gradle/launcher/daemon/protocol/InvalidateVirtualFileSystemAfterChange;.<clinit>()V> (0x0000000751c2d4a0) 
thrown [s\open\src\hotspot\share\prims\jni.cpp, line 1112]
Event: 1844.391 Thread 0x000001a84377a290 Implicit null exception at 0x000001a866fa1512 to 0x000001a866fa1b6c
Event: 1845.876 Thread 0x000001a842691990 Implicit null exception at 0x000001a86782a7dc to 0x000001a86782a86c
Event: 1846.314 Thread 0x000001a84377a290 Exception <a 'sun/nio/fs/WindowsException'{0x0000000750e56e38}> (0x0000000750e56e38) 
thrown [s\open\src\hotspot\share\prims\jni.cpp, line 516]
Event: 1846.315 Thread 0x000001a84377a290 Exception <a 'sun/nio/fs/WindowsException'{0x0000000750e58388}> (0x0000000750e58388) 
thrown [s\open\src\hotspot\share\prims\jni.cpp, line 516]
Event: 1846.316 Thread 0x000001a84377a290 Exception <a 'sun/nio/fs/WindowsException'{0x0000000750e598d8}> (0x0000000750e598d8) 
thrown [s\open\src\hotspot\share\prims\jni.cpp, line 516]
Event: 1846.316 Thread 0x000001a84377a290 Exception <a 'sun/nio/fs/WindowsException'{0x0000000750e5ae28}> (0x0000000750e5ae28) 
thrown [s\open\src\hotspot\share\prims\jni.cpp, line 516]
Event: 1854.058 Thread 0x000001a84377a290 Implicit null exception at 0x000001a86784ba85 to 0x000001a86784bbf8
Event: 1880.920 Thread 0x000001a87a8d1b30 Exception <a 'sun/nio/fs/WindowsException'{0x0000000751c45da0}> (0x0000000751c45da0) 
thrown [s\open\src\hotspot\share\prims\jni.cpp, line 516]
Event: 1880.920 Thread 0x000001a87a8d1b30 Exception <a 'sun/nio/fs/WindowsException'{0x0000000751c460a0}> (0x0000000751c460a0) 
thrown [s\open\src\hotspot\share\prims\jni.cpp, line 516]

VM Operations (20 events):
Event: 1881.066 Executing VM operation: Cleanup done
Event: 1881.640 Executing VM operation: G1CollectForAllocation
Event: 1881.732 Executing VM operation: G1CollectForAllocation done
Event: 1882.734 Executing VM operation: Cleanup
Event: 1882.734 Executing VM operation: Cleanup done
Event: 1892.821 Executing VM operation: Cleanup
Event: 1892.821 Executing VM operation: Cleanup done
Event: 1893.334 Executing VM operation: G1CollectForAllocation
Event: 1893.396 Executing VM operation: G1CollectForAllocation done
Event: 1893.577 Executing VM operation: HandshakeAllThreads
Event: 1893.577 Executing VM operation: HandshakeAllThreads done
Event: 1894.126 Executing VM operation: G1CollectForAllocation
Event: 1894.195 Executing VM operation: G1CollectForAllocation done
Event: 1894.767 Executing VM operation: G1CollectForAllocation
Event: 1894.840 Executing VM operation: G1CollectForAllocation done
Event: 1895.392 Executing VM operation: G1CollectForAllocation
Event: 1895.450 Executing VM operation: G1CollectForAllocation done
Event: 1895.904 Executing VM operation: G1CollectForAllocation
Event: 1895.950 Executing VM operation: G1CollectForAllocation done
Event: 1896.230 Executing VM operation: G1CollectForAllocation

Events (20 events):
Event: 1855.111 Thread 0x000001a841653540 Thread exited: 0x000001a841653540
Event: 1859.646 Thread 0x000001a841ac37d0 Thread exited: 0x000001a841ac37d0
Event: 1875.315 Thread 0x000001a841651560 Thread added: 0x000001a841651560
Event: 1876.089 Thread 0x000001a841651560 Thread exited: 0x000001a841651560
Event: 1880.944 Thread 0x000001a841651560 Thread added: 0x000001a841651560
Event: 1880.985 Thread 0x000001a87a8d1620 Thread added: 0x000001a87a8d1620
Event: 1880.985 Thread 0x000001a87a8d3480 Thread added: 0x000001a87a8d3480
Event: 1880.985 Thread 0x000001a87a8cc010 Thread added: 0x000001a87a8cc010
Event: 1880.985 Thread 0x000001a843b12cc0 Thread added: 0x000001a843b12cc0
Event: 1880.985 Thread 0x000001a843b15540 Thread added: 0x000001a843b15540
Event: 1881.149 Thread 0x000001a841651560 Thread exited: 0x000001a841651560
Event: 1893.581 Thread 0x000001a87a1ea730 flushing nmethod 0x000001a867332d90
Event: 1893.583 Thread 0x000001a87a1ea730 flushing nmethod 0x000001a8676e5690
Event: 1893.598 Thread 0x000001a87a1ea730 flushing nmethod 0x000001a85ff05c90
Event: 1893.607 Thread 0x000001a87a1ea730 flushing nmethod 0x000001a86085fc10
Event: 1893.607 Thread 0x000001a87a1ea730 flushing nmethod 0x000001a860888390
Event: 1893.608 Thread 0x000001a87a1ea730 flushing nmethod 0x000001a86093f690
Event: 1893.609 Thread 0x000001a87a1ea730 flushing nmethod 0x000001a860a03b10
Event: 1893.609 Thread 0x000001a87a1ea730 flushing nmethod 0x000001a860ac8610
Event: 1893.610 Thread 0x000001a87a1ea730 flushing nmethod 0x000001a860b7a210


Dynamic libraries:
0x00007ff74bf70000 - 0x00007ff74bf80000 	C:\Program Files\Java\jdk-17\bin\java.exe
0x00007ffb75bf0000 - 0x00007ffb75de8000 	C:\Windows\SYSTEM32\ntdll.dll
0x00007ffb73c70000 - 0x00007ffb73d32000 	C:\Windows\System32\KERNEL32.DLL
0x00007ffb737a0000 - 0x00007ffb73a96000 	C:\Windows\System32\KERNELBASE.dll
0x00007ffb73280000 - 0x00007ffb73380000 	C:\Windows\System32\ucrtbase.dll
0x00007ffb62610000 - 0x00007ffb6262b000 	C:\Program Files\Java\jdk-17\bin\VCRUNTIME140.dll
0x00007ffb62550000 - 0x00007ffb62569000 	C:\Program Files\Java\jdk-17\bin\jli.dll
0x00007ffb75af0000 - 0x00007ffb75ba1000 	C:\Windows\System32\ADVAPI32.dll
0x00007ffb75140000 - 0x00007ffb751de000 	C:\Windows\System32\msvcrt.dll
0x00007ffb74560000 - 0x00007ffb745ff000 	C:\Windows\System32\sechost.dll
0x00007ffb75450000 - 0x00007ffb75570000 	C:\Windows\System32\RPCRT4.dll
0x00007ffb735f0000 - 0x00007ffb73617000 	C:\Windows\System32\bcrypt.dll
0x00007ffb743b0000 - 0x00007ffb74551000 	C:\Windows\System32\USER32.dll
0x00007ffb736c0000 - 0x00007ffb736e2000 	C:\Windows\System32\win32u.dll
0x00007ffb62630000 - 0x00007ffb628cb000 	C:\Windows\WinSxS\amd64_microsoft.windows.common-controls_6595b64144ccf1df_6.0.19041.6456_none_60b8a6cb71f64256\COMCTL32.dll
0x00007ffb74e50000 - 0x00007ffb74e7b000 	C:\Windows\System32\GDI32.dll
0x00007ffb73af0000 - 0x00007ffb73c09000 	C:\Windows\System32\gdi32full.dll
0x00007ffb73620000 - 0x00007ffb736bd000 	C:\Windows\System32\msvcp_win.dll
0x00007ffb6dbf0000 - 0x00007ffb6dbfa000 	C:\Windows\SYSTEM32\VERSION.dll
0x00007ffb75640000 - 0x00007ffb7566f000 	C:\Windows\System32\IMM32.DLL
0x00007ffb66d50000 - 0x00007ffb66d5c000 	C:\Program Files\Java\jdk-17\bin\vcruntime140_1.dll
0x00007ffb4b210000 - 0x00007ffb4b29e000 	C:\Program Files\Java\jdk-17\bin\msvcp140.dll
0x00007ffb069c0000 - 0x00007ffb075a0000 	C:\Program Files\Java\jdk-17\bin\server\jvm.dll
0x00007ffb75580000 - 0x00007ffb75588000 	C:\Windows\System32\PSAPI.DLL
0x00007ffb5fae0000 - 0x00007ffb5fae9000 	C:\Windows\SYSTEM32\WSOCK32.dll
0x00007ffb6aef0000 - 0x00007ffb6af17000 	C:\Windows\SYSTEM32\WINMM.dll
0x00007ffb75360000 - 0x00007ffb753cb000 	C:\Windows\System32\WS2_32.dll
0x00007ffb71110000 - 0x00007ffb71122000 	C:\Windows\SYSTEM32\kernel.appcore.dll
0x00007ffb668f0000 - 0x00007ffb668fa000 	C:\Program Files\Java\jdk-17\bin\jimage.dll
0x00007ffb62a50000 - 0x00007ffb62c51000 	C:\Windows\SYSTEM32\DBGHELP.DLL
0x00007ffb561a0000 - 0x00007ffb561d4000 	C:\Windows\SYSTEM32\dbgcore.DLL
0x00007ffb73400000 - 0x00007ffb73482000 	C:\Windows\System32\bcryptPrimitives.dll
0x00007ffb63410000 - 0x00007ffb6341e000 	C:\Program Files\Java\jdk-17\bin\instrument.dll
0x00007ffb62520000 - 0x00007ffb62545000 	C:\Program Files\Java\jdk-17\bin\java.dll
0x00007ffb48e80000 - 0x00007ffb48f57000 	C:\Program Files\Java\jdk-17\bin\jsvml.dll
0x00007ffb746e0000 - 0x00007ffb74e50000 	C:\Windows\System32\SHELL32.dll
0x00007ffb71310000 - 0x00007ffb71ab5000 	C:\Windows\SYSTEM32\windows.storage.dll
0x00007ffb75670000 - 0x00007ffb759c4000 	C:\Windows\System32\combase.dll
0x00007ffb72cb0000 - 0x00007ffb72cdb000 	C:\Windows\SYSTEM32\Wldp.dll
0x00007ffb73e70000 - 0x00007ffb73f3d000 	C:\Windows\System32\OLEAUT32.dll
0x00007ffb75590000 - 0x00007ffb7563d000 	C:\Windows\System32\SHCORE.dll
0x00007ffb75300000 - 0x00007ffb7535b000 	C:\Windows\System32\shlwapi.dll
0x00007ffb731b0000 - 0x00007ffb731d4000 	C:\Windows\SYSTEM32\profapi.dll
0x00007ffb54a60000 - 0x00007ffb54a78000 	C:\Program Files\Java\jdk-17\bin\zip.dll
0x00007ffb52210000 - 0x00007ffb52229000 	C:\Program Files\Java\jdk-17\bin\net.dll
0x00007ffb6d620000 - 0x00007ffb6d72a000 	C:\Windows\SYSTEM32\WINHTTP.dll
0x00007ffb729a0000 - 0x00007ffb72a0a000 	C:\Windows\system32\mswsock.dll
0x00007ffb503c0000 - 0x00007ffb503d6000 	C:\Program Files\Java\jdk-17\bin\nio.dll
0x00007ffb624e0000 - 0x00007ffb624f0000 	C:\Program Files\Java\jdk-17\bin\verify.dll
0x00007ffb62570000 - 0x00007ffb62597000 	C:\Users\YouTube\.gradle\native\c067742578af261105cb4f569cf0c3c89f3d7b1fecec35dd04571415982c5e48\windows-amd64\native-platform.dll
0x00007ffb08890000 - 0x00007ffb089d4000 	C:\Users\YouTube\.gradle\native\100fb08df4bc3b14c8652ba06237920a3bd2aa13389f12d3474272988ae205f9\windows-amd64\native-platform-file-events.dll
0x00007ffb61b10000 - 0x00007ffb61b1a000 	C:\Program Files\Java\jdk-17\bin\management.dll
0x00007ffb5faa0000 - 0x00007ffb5faab000 	C:\Program Files\Java\jdk-17\bin\management_ext.dll
0x00007ffb72c00000 - 0x00007ffb72c18000 	C:\Windows\SYSTEM32\CRYPTSP.dll
0x00007ffb72250000 - 0x00007ffb72288000 	C:\Windows\system32\rsaenh.dll
0x00007ffb73130000 - 0x00007ffb7315e000 	C:\Windows\SYSTEM32\USERENV.dll
0x00007ffb72c20000 - 0x00007ffb72c2c000 	C:\Windows\SYSTEM32\CRYPTBASE.dll
0x00007ffb72680000 - 0x00007ffb726bb000 	C:\Windows\SYSTEM32\IPHLPAPI.DLL
0x00007ffb75290000 - 0x00007ffb75298000 	C:\Windows\System32\NSI.dll
0x00007ffb6dbd0000 - 0x00007ffb6dbe7000 	C:\Windows\SYSTEM32\dhcpcsvc6.DLL
0x00007ffb6dbb0000 - 0x00007ffb6dbcd000 	C:\Windows\SYSTEM32\dhcpcsvc.DLL
0x00007ffb726c0000 - 0x00007ffb7278a000 	C:\Windows\SYSTEM32\DNSAPI.dll
0x00007ffb5b440000 - 0x00007ffb5b44e000 	C:\Program Files\Java\jdk-17\bin\sunmscapi.dll
0x00007ffb73490000 - 0x00007ffb735ed000 	C:\Windows\System32\CRYPT32.dll
0x00007ffb72d20000 - 0x00007ffb72d47000 	C:\Windows\SYSTEM32\ncrypt.dll
0x00007ffb72ce0000 - 0x00007ffb72d1b000 	C:\Windows\SYSTEM32\NTASN1.dll
0x00007ffb5b380000 - 0x00007ffb5b387000 	C:\Windows\system32\wshunix.dll
0x00007ffb6c6e0000 - 0x00007ffb6c6ea000 	C:\Windows\System32\rasadhlp.dll
0x00007ffb6bb40000 - 0x00007ffb6bbc0000 	C:\Windows\System32\fwpuclnt.dll

dbghelp: loaded successfully - version: 4.0.5 - missing functions: none
symbol engine: initialized successfully - sym options: 0x614 - pdb path: .;C:\Program Files\Java\jdk-17\bin;C:\Windows\SYSTEM32;C:\Windows\WinSxS\amd64_microsoft.windows.common-controls_6595b64144ccf1df_6.0.19041.6456_none_60b8a6cb71f64256;C:\Program Files\Java\jdk-17\bin\server;C:\Users\YouTube\.gradle\native\c067742578af261105cb4f569cf0c3c89f3d7b1fecec35dd04571415982c5e48\windows-amd64;C:\Users\YouTube\.gradle\native\100fb08df4bc3b14c8652ba06237920a3bd2aa13389f12d3474272988ae205f9\windows-amd64

VM Arguments:
jvm_args: --add-opens=java.base/java.util=ALL-UNNAMED --add-opens=java.base/java.lang=ALL-UNNAMED --add-opens=java.base/java.lang.invoke=ALL-UNNAMED --add-opens=java.prefs/java.util.prefs=ALL-UNNAMED --add-opens=java.base/java.nio.charset=ALL-UNNAMED --add-opens=java.base/java.net=ALL-UNNAMED --add-opens=java.base/java.util.concurrent.atomic=ALL-UNNAMED -Xmx4G -Dfile.encoding=UTF-8 -Duser.country=RU -Duser.language=ru -Duser.variant -javaagent:C:\Users\YouTube\.gradle\wrapper\dists\gradle-8.8-bin\dl7vupf4psengwqhwktix4v1\gradle-8.8\lib\agents\gradle-instrumentation-agent-8.8.jar 
java_command: org.gradle.launcher.daemon.bootstrap.GradleDaemon 8.8
java_class_path (initial): C:\Users\YouTube\.gradle\wrapper\dists\gradle-8.8-bin\dl7vupf4psengwqhwktix4v1\gradle-8.8\lib\gradle-launcher-8.8.jar
Launcher Type: SUN_STANDARD

[Global flags]
     intx CICompilerCount                          = 3                                         {product} {ergonomic}
     uint ConcGCThreads                            = 2                                         {product} {ergonomic}
     uint G1ConcRefinementThreads                  = 6                                         {product} {ergonomic}
   size_t G1HeapRegionSize                         = 2097152                                   {product} {ergonomic}
    uintx GCDrainStackTargetSize                   = 64                                        {product} {ergonomic}
   size_t InitialHeapSize                          = 268435456                                 {product} {ergonomic}
   size_t MarkStackSize                            = 4194304                                   {product} {ergonomic}
   size_t MaxHeapSize                              = 4294967296                                {product} {command line}
   size_t MaxNewSize                               = 2575302656                                {product} {ergonomic}
   size_t MinHeapDeltaBytes                        = 2097152                                   {product} {ergonomic}
   size_t MinHeapSize                              = 8388608                                   {product} {ergonomic}
    uintx NonNMethodCodeHeapSize                   = 5832780                                {pd product} {ergonomic}
    uintx NonProfiledCodeHeapSize                  = 122912730                              {pd product} {ergonomic}
    uintx ProfiledCodeHeapSize                     = 122912730                              {pd product} {ergonomic}
    uintx ReservedCodeCacheSize                    = 251658240                              {pd product} {ergonomic}
     bool SegmentedCodeCache                       = true                                      {product} {ergonomic}
   size_t SoftMaxHeapSize                          = 4294967296                             {manageable} {ergonomic}
     bool UseCompressedClassPointers               = true                           {product lp64_product} {ergonomic}
     bool UseCompressedOops                        = true                           {product lp64_product} {ergonomic}
     bool UseG1GC                                  = true                                      {product} {ergonomic}
     bool UseLargePagesIndividualAllocation        = false                                  {pd product} {ergonomic}

Logging:
Log output configuration:
 #0: stdout all=warning uptime,level,tags
 #1: stderr all=off uptime,level,tags

Environment Variables:
JAVA_HOME=C:\Program Files\Java\jdk-21.0.10
PATH=C:\Program Files\Eclipse Adoptium\jdk-25.0.2.10-hotspot\bin;C:\Program Files\Common Files\Oracle\Java\javapath;C:\Program Files (x86)\Common Files\Oracle\Java\java8path;C:\Program Files (x86)\Common Files\Oracle\Java\javapath;C:\Windows\system32;C:\Windows;C:\Windows\System32\Wbem;C:\Windows\System32\WindowsPowerShell\v1.0\;C:\Windows\System32\OpenSSH\;C:\Program Files (x86)\NVIDIA Corporation\PhysX\Common;C:\Program Files\Java\jdk-21.0.10\bin;C:\Program Files\nodejs\;C:\Program Files\Git\cmd;C:\ffmpeg\bin;C:\Program Files\dotnet\;C:\Users\YouTube\AppData\Local\Programs\Python\Launcher\;C:\Users\YouTube\AppData\Local\Microsoft\WindowsApps;C:\Users\YouTube\AppData\Local\Programs\Python\Python314\Scripts;C:\Users\YouTube\AppData\Local\Programs\Microsoft VS Code\bin;C:\Users\YouTube\AppData\Roaming\npm;C:\Users\YouTube\AppData\Local\Programs\Ollama;C:\Users\YouTube\Desktop\Новая папка (17)\WPS Office\12.1.0.27458\clitool;C:\Users\YouTube\AppData\Local\GitHubDesktop\bin;C:\Users\YouTube\AppData\Local\Microsoft\WinGet\Packages\Gyan.FFmpeg_Microsoft.Winget.Source_8wekyb3d8bbwe\ffmpeg-9.0-full_build\bin;C:\Users\YouTube\.dotnet\tools;C:\Program Files\JetBrains\IntelliJ IDEA 2026.2.1\bin
USERNAME=YouTube
OS=Windows_NT
PROCESSOR_IDENTIFIER=AMD64 Family 21 Model 1 Stepping 2, AuthenticAMD



---------------  S Y S T E M  ---------------

OS:
 Windows 10 , 64 bit Build 19041 (10.0.19041.5915)
OS uptime: 0 days 1:52 hours

CPU: total 6 (initial active 6) (6 cores per cpu, 1 threads per core) family 21 model 1 stepping 2 microcode 0x0, cx8, cmov, fxsr, mmx, 3dnowpref, sse, sse2, sse3, ssse3, sse4a, sse4.1, sse4.2, popcnt, lzcnt, tsc, tscinvbit, avx, aes, clmul, vzeroupper, clflush

Memory: 4k page, system-wide physical 16366M (6250M free)
TotalPageFile size 21742M (AvailPageFile size 7612M)
current process WorkingSet (physical memory assigned to process): 1414M, peak: 1861M
current process commit charge ("private bytes"): 1961M, peak: 1967M

vm_info: Java HotSpot(TM) 64-Bit Server VM (17.0.12+8-LTS-286) for windows-amd64 JRE (17.0.12+8-LTS-286), built on Jun  5 2024 06:46:59 by "mach5one" with MS VC++ 17.6 (VS2022)

END.
