#
# A fatal error has been detected by the Java Runtime Environment:
#
#  EXCEPTION_ACCESS_VIOLATION (0xc0000005) at pc=0x00007ffb31147bc1, pid=7672, tid=16260
#
# JRE version: Java(TM) SE Runtime Environment (17.0.12+8) (build 17.0.12+8-LTS-286)
# Java VM: Java HotSpot(TM) 64-Bit Server VM (17.0.12+8-LTS-286, mixed mode, sharing, tiered, compressed oops, compressed class ptrs, g1 gc, windows-amd64)
# Problematic frame:
# V  [jvm.dll+0x657bc1]
#
# No core dump will be written. Minidumps are not enabled by default on client versions of Windows
#
# If you would like to submit a bug report, please visit:
#   https://bugreport.java.com/bugreport/crash.jsp
#

---------------  S U M M A R Y ------------

Command Line: --add-opens=java.base/java.util=ALL-UNNAMED --add-opens=java.base/java.lang=ALL-UNNAMED --add-opens=java.base/java.lang.invoke=ALL-UNNAMED --add-opens=java.prefs/java.util.prefs=ALL-UNNAMED --add-opens=java.base/java.nio.charset=ALL-UNNAMED --add-opens=java.base/java.net=ALL-UNNAMED --add-opens=java.base/java.util.concurrent.atomic=ALL-UNNAMED -Xmx4G -Dfile.encoding=UTF-8 -Duser.country=RU -Duser.language=ru -Duser.variant -javaagent:C:\Users\YouTube\.gradle\wrapper\dists\gradle-8.8-bin\dl7vupf4psengwqhwktix4v1\gradle-8.8\lib\agents\gradle-instrumentation-agent-8.8.jar org.gradle.launcher.daemon.bootstrap.GradleDaemon 8.8

Host: AMD FX(tm)-6100 Six-Core Processor             , 6 cores, 15G,  Windows 10 , 64 bit Build 19041 (10.0.19041.5915)
Time: Tue Sep  8 21:37:23 2026 RTZ 9 (s 10 , 64 bit Build 19041 (10.0.19041.5915) elapsed time: 97.753666 seconds (0d 0h 1m 37s)

---------------  T H R E A D  ---------------

Current thread (0x000001d26f562280):  JavaThread "C2 CompilerThread0" daemon [_thread_in_native, id=16260, stack(0x00000051adc00000,0x00000051add00000)]


Current CompileTask:
C2:  97754 13507       4       com.sun.tools.javac.code.Symtab::enterClass (71 bytes)

Stack: [0x00000051adc00000,0x00000051add00000],  sp=0x00000051adcfc000,  free space=1008k
Native frames: (J=compiled Java code, j=interpreted, Vv=VM code, C=native code)
V  [jvm.dll+0x657bc1]
V  [jvm.dll+0x60e34b]
V  [jvm.dll+0x60c84a]
V  [jvm.dll+0x2166be]
V  [jvm.dll+0x215c6f]
V  [jvm.dll+0x1a2960]
V  [jvm.dll+0x22610b]
V  [jvm.dll+0x2242ab]
V  [jvm.dll+0x79075c]
V  [jvm.dll+0x78abea]
V  [jvm.dll+0x678f35]
C  [ucrtbase.dll+0x21bb2]
C  [KERNEL32.DLL+0x17374]
C  [ntdll.dll+0x4cc91]


siginfo: EXCEPTION_ACCESS_VIOLATION (0xc0000005), reading address 0x0000000000000210


Registers:
RAX=0x000001d275ad9818, RBX=0x000001d275ad97e0, RCX=0x0000000000000290, RDX=0x000001d279868278
RSP=0x00000051adcfc000, RBP=0x0000000000000038, RSI=0x0000000000000438, RDI=0x0000000000000200
R8 =0x00000000049b6218, R9 =0x000001d275ad2130, R10=0x0000000000000000, R11=0x0000000000000246
R12=0x0000000000000052, R13=0x000001d24cc16c20, R14=0x000001d27a48f9f8, R15=0x00000000000001fe
RIP=0x00007ffb31147bc1, EFLAGS=0x0000000000010206


Register to memory mapping:

RIP=0x00007ffb31147bc1 jvm.dll
RAX=0x000001d275ad9818 points into unknown readable memory: 0x0000000000000000 | 00 00 00 00 00 00 00 00
RBX=0x000001d275ad97e0 points into unknown readable memory: 0x00007ffb31430720 | 20 07 43 31 fb 7f 00 00
RCX=0x0000000000000290 is an unknown value
RDX=0x000001d279868278 points into unknown readable memory: 0x000001d279581300 | 00 13 58 79 d2 01 00 00
RSP=0x00000051adcfc000 is pointing into the stack for thread: 0x000001d26f562280
RBP=0x0000000000000038 is an unknown value
RSI=0x0000000000000438 is an unknown value
RDI=0x0000000000000200 is an unknown value
R8 =0x00000000049b6218 is an unknown value
R9 =0x000001d275ad2130 points into unknown readable memory: 0x0000000000000000 | 00 00 00 00 00 00 00 00
R10=0x0 is NULL
R11=0x0000000000000246 is an unknown value
R12=0x0000000000000052 is an unknown value
R13=0x000001d24cc16c20 points into unknown readable memory: 0x8000000800000001 | 01 00 00 00 08 00 00 80
R14=0x000001d27a48f9f8 points into unknown readable memory: 0x00007ffb31430720 | 20 07 43 31 fb 7f 00 00
R15=0x00000000000001fe is an unknown value


Top of Stack: (sp=0x00000051adcfc000)
0x00000051adcfc000:   00000000000027d8 000001d26f94e9f0
0x00000051adcfc010:   000001d26f94f168 0000000000000008
0x00000051adcfc020:   0000005100000000 0000000000000002
0x00000051adcfc030:   0000000000000002 0000000000000000
0x00000051adcfc040:   00000051adcfc4a0 0000000000000000
0x00000051adcfc050:   fffffffffffffff8 000001d27a48f9f8
0x00000051adcfc060:   000001d27a48f9f8 00007ffb310fe34b
0x00000051adcfc070:   000001d24cc16c20 000001d24cc16bf0
0x00000051adcfc080:   00000051adcfec70 00000051adcfc0c0
0x00000051adcfc090:   000001d27a9c19e0 000001d27aa12c50
0x00000051adcfc0a0:   000001d27a9bee50 000001d26f5589f0
0x00000051adcfc0b0:   00000051adcfef10 000001d276d72ed0
0x00000051adcfc0c0:   0000000000000000 00000051adcfc4a0
0x00000051adcfc0d0:   00000051adcfc160 00007ffb310fc84a
0x00000051adcfc0e0:   0000000000000006 0000000000002365
0x00000051adcfc0f0:   00000051adcfc4a0 0000000000000000 

Instructions: (pc=0x00007ffb31147bc1)
0x00007ffb31147ac1:   03 c3 48 89 44 24 78 48 8b 00 48 8b 88 d8 04 00
0x00007ffb31147ad1:   00 49 8b 06 4c 8b a9 80 00 00 00 49 8b ce 4c 89
0x00007ffb31147ae1:   ac 24 80 00 00 00 ff 50 08 49 8b 16 49 8b ce 8b
0x00007ffb31147af1:   e8 ff 52 08 41 8b 4e 1c 49 8d bd 70 02 00 00 8b
0x00007ffb31147b01:   d0 48 8d 34 ca 48 8b ce 48 f7 d1 48 3b 4f 18 73
0x00007ffb31147b11:   12 4c 8d 05 a7 f4 1e 00 48 8b d6 48 8b cf e8 5c
0x00007ffb31147b21:   45 a5 ff 48 8b 5f 18 48 8d 04 33 48 3b 47 20 76
0x00007ffb31147b31:   13 45 33 c0 48 8b d6 48 8b cf e8 c0 41 a5 ff 48
0x00007ffb31147b41:   8b d8 eb 04 48 89 47 18 48 8d 55 07 48 8b cb 48
0x00007ffb31147b51:   c1 ea 03 48 85 d2 74 18 4d 8b c6 4c 2b c3 90 49
0x00007ffb31147b61:   8b 04 08 48 89 01 48 8d 49 08 48 83 ea 01 75 ef
0x00007ffb31147b71:   48 8d 04 2b 48 c7 43 10 ff ff ff ff 45 33 e4 48
0x00007ffb31147b81:   89 43 08 48 c7 43 20 00 00 00 00 4c 89 7c 24 30
0x00007ffb31147b91:   45 39 66 1c 0f 86 1b 01 00 00 4c 8b 6c 24 70 49
0x00007ffb31147ba1:   8b 46 08 4a 8d 0c e5 00 00 00 00 48 8b 3c 01 48
0x00007ffb31147bb1:   8b 43 08 48 89 3c 01 48 85 ff 0f 84 e0 00 00 00
0x00007ffb31147bc1:   48 8b 57 10 48 85 d2 0f 84 d3 00 00 00 44 8b 7f
0x00007ffb31147bd1:   20 44 3b 7f 24 0f 85 b7 00 00 00 41 80 7d 00 00
0x00007ffb31147be1:   75 09 e8 c4 e8 1d 00 48 8b 57 10 48 8b 44 24 78
0x00007ffb31147bf1:   48 8b 00 48 8b 88 d8 04 00 00 8b 47 24 48 8b b1
0x00007ffb31147c01:   80 00 00 00 48 81 c6 70 02 00 00 85 c0 75 45 c7
0x00007ffb31147c11:   47 24 04 00 00 00 48 83 7e 18 df 76 12 4c 8d 05
0x00007ffb31147c21:   bb 13 26 00 48 8b ce 8d 50 20 e8 50 44 a5 ff 48
0x00007ffb31147c31:   8b 46 18 48 8d 48 20 48 3b 4e 20 76 11 45 33 c0
0x00007ffb31147c41:   48 8b ce 41 8d 50 20 e8 b3 40 a5 ff eb 40 48 89
0x00007ffb31147c51:   4e 18 eb 3a 41 8d 6f 01 85 ed 74 05 41 85 ef 74
0x00007ffb31147c61:   0c 0f bd cd bd 01 00 00 00 ff c1 d3 e5 4c 8b c0
0x00007ffb31147c71:   44 8b cd 49 c1 e1 03 48 8b ce 49 c1 e0 03 c7 44
0x00007ffb31147c81:   24 20 00 00 00 00 e8 54 3b a5 ff 89 6f 24 48 89
0x00007ffb31147c91:   47 10 8b 4f 20 48 8b 47 10 48 89 1c c8 ff 47 20
0x00007ffb31147ca1:   41 ff c4 45 3b 66 1c 0f 82 f2 fe ff ff 4c 8b ac
0x00007ffb31147cb1:   24 80 00 00 00 41 8b 46 30 4c 8b 64 24 40 48 8b 


Stack slot to memory mapping:
stack at sp + 0 slots: 0x00000000000027d8 is an unknown value
stack at sp + 1 slots: 0x000001d26f94e9f0 points into unknown readable memory: 0x000000000000017c | 7c 01 00 00 00 00 00 00
stack at sp + 2 slots: 0x000001d26f94f168 points into unknown readable memory: 0x102c4bbbe39997db | db 97 99 e3 bb 4b 2c 10
stack at sp + 3 slots: 0x0000000000000008 is an unknown value
stack at sp + 4 slots: 0x0000005100000000 is an unknown value
stack at sp + 5 slots: 0x0000000000000002 is an unknown value
stack at sp + 6 slots: 0x0000000000000002 is an unknown value
stack at sp + 7 slots: 0x0 is NULL


---------------  P R O C E S S  ---------------

Threads class SMR info:
_java_thread_list=0x000001d276db61a0, length=118, elements={
0x000001d24cb4e4f0, 0x000001d26f544f00, 0x000001d26f545f10, 0x000001d26f559930,
0x000001d26f55a400, 0x000001d26f55cce0, 0x000001d26f55d5b0, 0x000001d26f562280,
0x000001d26f568150, 0x000001d26f56aa70, 0x000001d24cc1d000, 0x000001d26f81b620,
0x000001d27540fa30, 0x000001d27562e030, 0x000001d2755ced10, 0x000001d27557c850,
0x000001d2757ddce0, 0x000001d275610850, 0x000001d275612360, 0x000001d2757736b0,
0x000001d275725bf0, 0x000001d275723880, 0x000001d2757242a0, 0x000001d275722440,
0x000001d275724cc0, 0x000001d2757251d0, 0x000001d275723d90, 0x000001d2757256e0,
0x000001d275722950, 0x000001d275722e60, 0x000001d275723370, 0x000001d2774f95a0,
0x000001d2774fb910, 0x000001d2774fa4d0, 0x000001d2774fc330, 0x000001d2774fc840,
0x000001d2774f9ab0, 0x000001d2774fb400, 0x000001d2774f9fc0, 0x000001d2774faef0,
0x000001d2774fcd50, 0x000001d2774fbe20, 0x000001d27673c150, 0x000001d27673b730,
0x000001d27673d080, 0x000001d27673dfb0, 0x000001d27673d590, 0x000001d27673ad10,
0x000001d27673daa0, 0x000001d27673cb70, 0x000001d27673c660, 0x000001d27673e4c0,
0x000001d27673b220, 0x000001d27673bc40, 0x000001d2783b54c0, 0x000001d2783b9ba0,
0x000001d2783b7d40, 0x000001d2783b63f0, 0x000001d2783b9180, 0x000001d2783b2730,
0x000001d2783b9690, 0x000001d2783b8250, 0x000001d2783ba0b0, 0x000001d2783b6e10,
0x000001d2783b4590, 0x000001d2783b5ee0, 0x000001d2783b2c40, 0x000001d2783b3150,
0x000001d2783b3660, 0x000001d2783b4080, 0x000001d2783b59d0, 0x000001d2783b6900,
0x000001d2783b7320, 0x000001d2783b7830, 0x000001d2783b8760, 0x000001d2783b8c70,
0x000001d2783b3b70, 0x000001d2783b4aa0, 0x000001d2783b4fb0, 0x000001d2780a4ba0,
0x000001d27809f080, 0x000001d27809dc40, 0x000001d2780a1e10, 0x000001d2780a1900,
0x000001d2780a2320, 0x000001d27809faa0, 0x000001d27809f590, 0x000001d2780a2830,
0x000001d2780a2d40, 0x000001d2780a13f0, 0x000001d27809e150, 0x000001d2780a3760,
0x000001d27809e660, 0x000001d2780a4180, 0x000001d2780a09d0, 0x000001d2780a4690,
0x000001d27809d730, 0x000001d2780a50b0, 0x000001d27809eb70, 0x000001d2780a0ee0,
0x000001d278e6d690, 0x000001d278e6c760, 0x000001d278e6ead0, 0x000001d278e6efe0,
0x000001d278e6ff10, 0x000001d278e6cc70, 0x000001d278e6dba0, 0x000001d278e6e0b0,
0x000001d2765de5d0, 0x000001d2765da910, 0x000001d2765ddbb0, 0x000001d2765e0430,
0x000001d2765dfa10, 0x000001d2765dc770, 0x000001d2765d94d0, 0x000001d2765d9ef0,
0x000001d2765d99e0, 0x000001d279881050
}

Java Threads: ( => current thread )
  0x000001d24cb4e4f0 JavaThread "main" [_thread_blocked, id=5092, stack(0x00000051acf00000,0x00000051ad000000)]
  0x000001d26f544f00 JavaThread "Reference Handler" daemon [_thread_blocked, id=13348, stack(0x00000051ad600000,0x00000051ad700000)]
  0x000001d26f545f10 JavaThread "Finalizer" daemon [_thread_blocked, id=17940, stack(0x00000051ad700000,0x00000051ad800000)]
  0x000001d26f559930 JavaThread "Signal Dispatcher" daemon [_thread_blocked, id=14800, stack(0x00000051ad800000,0x00000051ad900000)]
  0x000001d26f55a400 JavaThread "Attach Listener" daemon [_thread_blocked, id=9604, stack(0x00000051ad900000,0x00000051ada00000)]
  0x000001d26f55cce0 JavaThread "Service Thread" daemon [_thread_blocked, id=17152, stack(0x00000051ada00000,0x00000051adb00000)]
  0x000001d26f55d5b0 JavaThread "Monitor Deflation Thread" daemon [_thread_blocked, id=13308, stack(0x00000051adb00000,0x00000051adc00000)]
=>0x000001d26f562280 JavaThread "C2 CompilerThread0" daemon [_thread_in_native, id=16260, stack(0x00000051adc00000,0x00000051add00000)]
  0x000001d26f568150 JavaThread "C1 CompilerThread0" daemon [_thread_blocked, id=3256, stack(0x00000051add00000,0x00000051ade00000)]
  0x000001d26f56aa70 JavaThread "Sweeper thread" daemon [_thread_blocked, id=17644, stack(0x00000051ade00000,0x00000051adf00000)]
  0x000001d24cc1d000 JavaThread "Common-Cleaner" daemon [_thread_blocked, id=17564, stack(0x00000051adf00000,0x00000051ae000000)]
  0x000001d26f81b620 JavaThread "Notification Thread" daemon [_thread_blocked, id=17336, stack(0x00000051ae000000,0x00000051ae100000)]
  0x000001d27540fa30 JavaThread "Daemon health stats" [_thread_blocked, id=11928, stack(0x00000051ae800000,0x00000051ae900000)]
  0x000001d27562e030 JavaThread "Incoming local TCP Connector on port 49568" [_thread_in_native, id=18208, stack(0x00000051ae700000,0x00000051ae800000)]
  0x000001d2755ced10 JavaThread "Daemon periodic checks" [_thread_blocked, id=3848, stack(0x00000051ae900000,0x00000051aea00000)]
  0x000001d27557c850 JavaThread "Daemon" [_thread_blocked, id=17136, stack(0x00000051aea00000,0x00000051aeb00000)]
  0x000001d2757ddce0 JavaThread "Handler for socket connection from /127.0.0.1:49568 to /127.0.0.1:49569" [_thread_in_native, id=15972, stack(0x00000051aeb00000,0x00000051aec00000)]
  0x000001d275610850 JavaThread "Cancel handler" [_thread_blocked, id=1404, stack(0x00000051aec00000,0x00000051aed00000)]
  0x000001d275612360 JavaThread "Daemon worker" [_thread_blocked, id=17320, stack(0x00000051aed00000,0x00000051aee00000)]
  0x000001d2757736b0 JavaThread "Asynchronous log dispatcher for DefaultDaemonConnection: socket connection from /127.0.0.1:49568 to /127.0.0.1:49569" [_thread_blocked, id=8256, stack(0x00000051aee00000,0x00000051aef00000)]
  0x000001d275725bf0 JavaThread "Stdin handler" [_thread_blocked, id=9044, stack(0x00000051aef00000,0x00000051af000000)]
  0x000001d275723880 JavaThread "Daemon client event forwarder" [_thread_blocked, id=16740, stack(0x00000051af000000,0x00000051af100000)]
  0x000001d2757242a0 JavaThread "Cache worker for journal cache (C:\Users\YouTube\.gradle\caches\journal-1)" [_thread_blocked, id=17072, stack(0x00000051af100000,0x00000051af200000)]
  0x000001d275722440 JavaThread "File lock request listener" [_thread_in_native, id=16844, stack(0x00000051af200000,0x00000051af300000)]
  0x000001d275724cc0 JavaThread "Cache worker for file hash cache (C:\Users\YouTube\.gradle\caches\8.8\fileHashes)" [_thread_blocked, id=6856, stack(0x00000051af400000,0x00000051af500000)]
  0x000001d2757251d0 JavaThread "Cache worker for file hash cache (C:\Users\YouTube\Documents\GitHub\maze2\.gradle\8.8\fileHashes)" [_thread_blocked, id=15560, stack(0x00000051af500000,0x00000051af600000)]
  0x000001d275723d90 JavaThread "File watcher server" daemon [_thread_in_native, id=6348, stack(0x00000051af600000,0x00000051af700000)]
  0x000001d2757256e0 JavaThread "File watcher consumer" daemon [_thread_blocked, id=17936, stack(0x00000051af700000,0x00000051af800000)]
  0x000001d275722950 JavaThread "Cache worker for checksums cache (C:\Users\YouTube\Documents\GitHub\maze2\.gradle\8.8\checksums)" [_thread_blocked, id=17888, stack(0x00000051af900000,0x00000051afa00000)]
  0x000001d275722e60 JavaThread "Cache worker for file content cache (C:\Users\YouTube\.gradle\caches\8.8\fileContent)" [_thread_blocked, id=2952, stack(0x00000051afa00000,0x00000051afb00000)]
  0x000001d275723370 JavaThread "Cache worker for cache directory md-rule (C:\Users\YouTube\.gradle\caches\8.8\md-rule)" [_thread_blocked, id=16544, stack(0x00000051afb00000,0x00000051afc00000)]
  0x000001d2774f95a0 JavaThread "Cache worker for cache directory md-supplier (C:\Users\YouTube\.gradle\caches\8.8\md-supplier)" [_thread_blocked, id=760, stack(0x00000051afc00000,0x00000051afd00000)]
  0x000001d2774fb910 JavaThread "jar transforms" [_thread_blocked, id=13356, stack(0x00000051afd00000,0x00000051afe00000)]
  0x000001d2774fa4d0 JavaThread "jar transforms Thread 2" [_thread_blocked, id=17164, stack(0x00000051afe00000,0x00000051aff00000)]
  0x000001d2774fc330 JavaThread "jar transforms Thread 3" [_thread_blocked, id=18036, stack(0x00000051b0100000,0x00000051b0200000)]
  0x000001d2774fc840 JavaThread "Unconstrained build operations" [_thread_blocked, id=12332, stack(0x00000051b0200000,0x00000051b0300000)]
  0x000001d2774f9ab0 JavaThread "Unconstrained build operations Thread 2" [_thread_blocked, id=17284, stack(0x00000051b0300000,0x00000051b0400000)]
  0x000001d2774fb400 JavaThread "Unconstrained build operations Thread 3" [_thread_blocked, id=17172, stack(0x00000051b0400000,0x00000051b0500000)]
  0x000001d2774f9fc0 JavaThread "Unconstrained build operations Thread 4" [_thread_blocked, id=16564, stack(0x00000051b0500000,0x00000051b0600000)]
  0x000001d2774faef0 JavaThread "Unconstrained build operations Thread 5" [_thread_blocked, id=18172, stack(0x00000051b0600000,0x00000051b0700000)]
  0x000001d2774fcd50 JavaThread "Unconstrained build operations Thread 6" [_thread_blocked, id=17044, stack(0x00000051b0700000,0x00000051b0800000)]
  0x000001d2774fbe20 JavaThread "Unconstrained build operations Thread 7" [_thread_blocked, id=10148, stack(0x00000051b0800000,0x00000051b0900000)]
  0x000001d27673c150 JavaThread "Unconstrained build operations Thread 8" [_thread_blocked, id=17176, stack(0x00000051b0900000,0x00000051b0a00000)]
  0x000001d27673b730 JavaThread "Unconstrained build operations Thread 9" [_thread_blocked, id=9564, stack(0x00000051b0a00000,0x00000051b0b00000)]
  0x000001d27673d080 JavaThread "Unconstrained build operations Thread 10" [_thread_blocked, id=16188, stack(0x00000051b0b00000,0x00000051b0c00000)]
  0x000001d27673dfb0 JavaThread "jar transforms Thread 4" [_thread_blocked, id=4304, stack(0x00000051b0c00000,0x00000051b0d00000)]
  0x000001d27673d590 JavaThread "jar transforms Thread 5" [_thread_blocked, id=4992, stack(0x00000051b0d00000,0x00000051b0e00000)]
  0x000001d27673ad10 JavaThread "Unconstrained build operations Thread 11" [_thread_blocked, id=14172, stack(0x00000051b0e00000,0x00000051b0f00000)]
  0x000001d27673daa0 JavaThread "Unconstrained build operations Thread 12" [_thread_blocked, id=7468, stack(0x00000051b0f00000,0x00000051b1000000)]
  0x000001d27673cb70 JavaThread "Unconstrained build operations Thread 13" [_thread_blocked, id=15948, stack(0x00000051b1000000,0x00000051b1100000)]
  0x000001d27673c660 JavaThread "Unconstrained build operations Thread 14" [_thread_blocked, id=15532, stack(0x00000051b1100000,0x00000051b1200000)]
  0x000001d27673e4c0 JavaThread "Unconstrained build operations Thread 15" [_thread_blocked, id=17832, stack(0x00000051b1200000,0x00000051b1300000)]
  0x000001d27673b220 JavaThread "jar transforms Thread 6" [_thread_blocked, id=17220, stack(0x00000051b1300000,0x00000051b1400000)]
  0x000001d27673bc40 JavaThread "Unconstrained build operations Thread 16" [_thread_blocked, id=12472, stack(0x00000051b1400000,0x00000051b1500000)]
  0x000001d2783b54c0 JavaThread "Unconstrained build operations Thread 17" [_thread_blocked, id=12504, stack(0x00000051b1500000,0x00000051b1600000)]
  0x000001d2783b9ba0 JavaThread "Unconstrained build operations Thread 18" [_thread_blocked, id=13228, stack(0x00000051b1600000,0x00000051b1700000)]
  0x000001d2783b7d40 JavaThread "Unconstrained build operations Thread 19" [_thread_blocked, id=14312, stack(0x00000051b1700000,0x00000051b1800000)]
  0x000001d2783b63f0 JavaThread "Unconstrained build operations Thread 20" [_thread_blocked, id=14136, stack(0x00000051b1800000,0x00000051b1900000)]
  0x000001d2783b9180 JavaThread "Unconstrained build operations Thread 21" [_thread_blocked, id=11488, stack(0x00000051b1900000,0x00000051b1a00000)]
  0x000001d2783b2730 JavaThread "Unconstrained build operations Thread 22" [_thread_blocked, id=13808, stack(0x00000051b1a00000,0x00000051b1b00000)]
  0x000001d2783b9690 JavaThread "Unconstrained build operations Thread 23" [_thread_blocked, id=15048, stack(0x00000051b1b00000,0x00000051b1c00000)]
  0x000001d2783b8250 JavaThread "Unconstrained build operations Thread 24" [_thread_blocked, id=16976, stack(0x00000051b1c00000,0x00000051b1d00000)]
  0x000001d2783ba0b0 JavaThread "Unconstrained build operations Thread 25" [_thread_blocked, id=16820, stack(0x00000051b1d00000,0x00000051b1e00000)]
  0x000001d2783b6e10 JavaThread "Unconstrained build operations Thread 26" [_thread_blocked, id=17240, stack(0x00000051b1e00000,0x00000051b1f00000)]
  0x000001d2783b4590 JavaThread "Unconstrained build operations Thread 27" [_thread_blocked, id=15640, stack(0x00000051b1f00000,0x00000051b2000000)]
  0x000001d2783b5ee0 JavaThread "Unconstrained build operations Thread 28" [_thread_blocked, id=17068, stack(0x00000051b2000000,0x00000051b2100000)]
  0x000001d2783b2c40 JavaThread "Unconstrained build operations Thread 29" [_thread_blocked, id=2356, stack(0x00000051b2100000,0x00000051b2200000)]
  0x000001d2783b3150 JavaThread "Unconstrained build operations Thread 30" [_thread_blocked, id=8088, stack(0x00000051b2200000,0x00000051b2300000)]
  0x000001d2783b3660 JavaThread "Unconstrained build operations Thread 31" [_thread_blocked, id=16612, stack(0x00000051af300000,0x00000051af400000)]
  0x000001d2783b4080 JavaThread "Unconstrained build operations Thread 32" [_thread_blocked, id=15336, stack(0x00000051b2300000,0x00000051b2400000)]
  0x000001d2783b59d0 JavaThread "Unconstrained build operations Thread 33" [_thread_blocked, id=9820, stack(0x00000051b2400000,0x00000051b2500000)]
  0x000001d2783b6900 JavaThread "Unconstrained build operations Thread 34" [_thread_blocked, id=17968, stack(0x00000051b2500000,0x00000051b2600000)]
  0x000001d2783b7320 JavaThread "Unconstrained build operations Thread 35" [_thread_blocked, id=2212, stack(0x00000051b2600000,0x00000051b2700000)]
  0x000001d2783b7830 JavaThread "Unconstrained build operations Thread 36" [_thread_blocked, id=17536, stack(0x00000051b2700000,0x00000051b2800000)]
  0x000001d2783b8760 JavaThread "Cache worker for Build Output Cleanup Cache (C:\Users\YouTube\Documents\GitHub\maze2\.gradle\buildOutputCleanup)" [_thread_blocked, id=13812, stack(0x00000051b2900000,0x00000051b2a00000)]
  0x000001d2783b8c70 JavaThread "Unconstrained build operations Thread 37" [_thread_blocked, id=18020, stack(0x00000051b2a00000,0x00000051b2b00000)]
  0x000001d2783b3b70 JavaThread "Unconstrained build operations Thread 38" [_thread_blocked, id=17364, stack(0x00000051b2b00000,0x00000051b2c00000)]
  0x000001d2783b4aa0 JavaThread "Unconstrained build operations Thread 39" [_thread_blocked, id=3520, stack(0x00000051b2c00000,0x00000051b2d00000)]
  0x000001d2783b4fb0 JavaThread "Unconstrained build operations Thread 40" [_thread_blocked, id=9552, stack(0x00000051b2d00000,0x00000051b2e00000)]
  0x000001d2780a4ba0 JavaThread "Unconstrained build operations Thread 41" [_thread_blocked, id=18004, stack(0x00000051b2e00000,0x00000051b2f00000)]
  0x000001d27809f080 JavaThread "Unconstrained build operations Thread 42" [_thread_blocked, id=14952, stack(0x00000051b2f00000,0x00000051b3000000)]
  0x000001d27809dc40 JavaThread "Unconstrained build operations Thread 43" [_thread_blocked, id=14656, stack(0x00000051b3000000,0x00000051b3100000)]
  0x000001d2780a1e10 JavaThread "Unconstrained build operations Thread 44" [_thread_blocked, id=14948, stack(0x00000051b3100000,0x00000051b3200000)]
  0x000001d2780a1900 JavaThread "Unconstrained build operations Thread 45" [_thread_blocked, id=1036, stack(0x00000051b3200000,0x00000051b3300000)]
  0x000001d2780a2320 JavaThread "Unconstrained build operations Thread 46" [_thread_blocked, id=16628, stack(0x00000051b3300000,0x00000051b3400000)]
  0x000001d27809faa0 JavaThread "Unconstrained build operations Thread 47" [_thread_blocked, id=13320, stack(0x00000051b3400000,0x00000051b3500000)]
  0x000001d27809f590 JavaThread "Unconstrained build operations Thread 48" [_thread_blocked, id=3652, stack(0x00000051b3500000,0x00000051b3600000)]
  0x000001d2780a2830 JavaThread "Unconstrained build operations Thread 49" [_thread_blocked, id=15812, stack(0x00000051b3600000,0x00000051b3700000)]
  0x000001d2780a2d40 JavaThread "Unconstrained build operations Thread 50" [_thread_blocked, id=12732, stack(0x00000051b3700000,0x00000051b3800000)]
  0x000001d2780a13f0 JavaThread "Unconstrained build operations Thread 51" [_thread_blocked, id=15304, stack(0x00000051b3800000,0x00000051b3900000)]
  0x000001d27809e150 JavaThread "Memory manager" [_thread_blocked, id=4876, stack(0x00000051b2800000,0x00000051b2900000)]
  0x000001d2780a3760 JavaThread "Unconstrained build operations Thread 52" [_thread_blocked, id=17780, stack(0x00000051b3b00000,0x00000051b3c00000)]
  0x000001d27809e660 JavaThread "Unconstrained build operations Thread 53" [_thread_blocked, id=11972, stack(0x00000051b3c00000,0x00000051b3d00000)]
  0x000001d2780a4180 JavaThread "Unconstrained build operations Thread 54" [_thread_blocked, id=9896, stack(0x00000051b3d00000,0x00000051b3e00000)]
  0x000001d2780a09d0 JavaThread "Unconstrained build operations Thread 55" [_thread_blocked, id=12312, stack(0x00000051b3e00000,0x00000051b3f00000)]
  0x000001d2780a4690 JavaThread "Unconstrained build operations Thread 56" [_thread_blocked, id=5680, stack(0x00000051b3f00000,0x00000051b4000000)]
  0x000001d27809d730 JavaThread "Unconstrained build operations Thread 57" [_thread_blocked, id=14380, stack(0x00000051b3a00000,0x00000051b3b00000)]
  0x000001d2780a50b0 JavaThread "Unconstrained build operations Thread 58" [_thread_blocked, id=15820, stack(0x00000051b4000000,0x00000051b4100000)]
  0x000001d27809eb70 JavaThread "Unconstrained build operations Thread 59" [_thread_blocked, id=17668, stack(0x00000051b4100000,0x00000051b4200000)]
  0x000001d2780a0ee0 JavaThread "Unconstrained build operations Thread 60" [_thread_blocked, id=14392, stack(0x00000051b4200000,0x00000051b4300000)]
  0x000001d278e6d690 JavaThread "ForkJoinPool.commonPool-worker-2" daemon [_thread_blocked, id=7368, stack(0x00000051b4500000,0x00000051b4600000)]
  0x000001d278e6c760 JavaThread "ForkJoinPool.commonPool-worker-3" daemon [_thread_blocked, id=16860, stack(0x00000051b4600000,0x00000051b4700000)]
  0x000001d278e6ead0 JavaThread "ForkJoinPool.commonPool-worker-4" daemon [_thread_blocked, id=17748, stack(0x00000051b4700000,0x00000051b4800000)]
  0x000001d278e6efe0 JavaThread "ForkJoinPool.commonPool-worker-5" daemon [_thread_blocked, id=4128, stack(0x00000051b4800000,0x00000051b4900000)]
  0x000001d278e6ff10 JavaThread "included builds" [_thread_blocked, id=16648, stack(0x00000051b4c00000,0x00000051b4d00000)]
  0x000001d278e6cc70 JavaThread "Execution worker" [_thread_in_vm, id=15388, stack(0x00000051b4d00000,0x00000051b4e00000)]
  0x000001d278e6dba0 JavaThread "Execution worker Thread 2" [_thread_blocked, id=16060, stack(0x00000051b4e00000,0x00000051b4f00000)]
  0x000001d278e6e0b0 JavaThread "Execution worker Thread 3" [_thread_blocked, id=18256, stack(0x00000051b4f00000,0x00000051b5000000)]
  0x000001d2765de5d0 JavaThread "Execution worker Thread 4" [_thread_blocked, id=16004, stack(0x00000051b5000000,0x00000051b5100000)]
  0x000001d2765da910 JavaThread "Execution worker Thread 5" [_thread_blocked, id=15920, stack(0x00000051b5100000,0x00000051b5200000)]
  0x000001d2765ddbb0 JavaThread "Cache worker for execution history cache (C:\Users\YouTube\Documents\GitHub\maze2\.gradle\8.8\executionHistory)" [_thread_blocked, id=17212, stack(0x00000051b5200000,0x00000051b5300000)]
  0x000001d2765e0430 JavaThread "Cache worker for Java compile cache (C:\Users\YouTube\.gradle\caches\8.8\javaCompile)" [_thread_blocked, id=10068, stack(0x00000051b5400000,0x00000051b5500000)]
  0x000001d2765dfa10 JavaThread "Build operations" [_thread_blocked, id=1780, stack(0x00000051b5500000,0x00000051b5600000)]
  0x000001d2765dc770 JavaThread "Build operations Thread 2" [_thread_blocked, id=18392, stack(0x00000051b5600000,0x00000051b5700000)]
  0x000001d2765d94d0 JavaThread "Build operations Thread 3" [_thread_blocked, id=9540, stack(0x00000051b5700000,0x00000051b5800000)]
  0x000001d2765d9ef0 JavaThread "Build operations Thread 4" [_thread_blocked, id=2288, stack(0x00000051b5800000,0x00000051b5900000)]
  0x000001d2765d99e0 JavaThread "Build operations Thread 5" [_thread_blocked, id=5060, stack(0x00000051b5900000,0x00000051b5a00000)]
  0x000001d279881050 JavaThread "C2 CompilerThread1" daemon [_thread_in_native, id=11948, stack(0x00000051b4400000,0x00000051b4500000)]

Other Threads:
  0x000001d26f53cb20 VMThread "VM Thread" [stack: 0x00000051ad500000,0x00000051ad600000] [id=4704]
  0x000001d26f8b2510 WatcherThread [stack: 0x00000051ae100000,0x00000051ae200000] [id=18400]
  0x000001d24cbb8820 GCTaskThread "GC Thread#0" [stack: 0x00000051ad000000,0x00000051ad100000] [id=17288]
  0x000001d27422cd60 GCTaskThread "GC Thread#1" [stack: 0x00000051ae200000,0x00000051ae300000] [id=1240]
  0x000001d274324d80 GCTaskThread "GC Thread#2" [stack: 0x00000051ae300000,0x00000051ae400000] [id=1052]
  0x000001d274325040 GCTaskThread "GC Thread#3" [stack: 0x00000051ae400000,0x00000051ae500000] [id=15840]
  0x000001d26f916a80 GCTaskThread "GC Thread#4" [stack: 0x00000051ae500000,0x00000051ae600000] [id=12636]
  0x000001d26fa86180 GCTaskThread "GC Thread#5" [stack: 0x00000051ae600000,0x00000051ae700000] [id=16932]
  0x000001d24cbc6680 ConcurrentGCThread "G1 Main Marker" [stack: 0x00000051ad100000,0x00000051ad200000] [id=18160]
  0x000001d24aa9dfe0 ConcurrentGCThread "G1 Conc#0" [stack: 0x00000051ad200000,0x00000051ad300000] [id=15956]
  0x000001d275bc6ff0 ConcurrentGCThread "G1 Conc#1" [stack: 0x00000051af800000,0x00000051af900000] [id=4948]
  0x000001d24cc12b20 ConcurrentGCThread "G1 Refine#0" [stack: 0x00000051ad300000,0x00000051ad400000] [id=17192]
  0x000001d274191230 ConcurrentGCThread "G1 Refine#1" [stack: 0x00000051aff00000,0x00000051b0000000] [id=6732]
  0x000001d274191520 ConcurrentGCThread "G1 Refine#2" [stack: 0x00000051b0000000,0x00000051b0100000] [id=16772]
  0x000001d26f6e6f80 ConcurrentGCThread "G1 Refine#3" [stack: 0x00000051acc00000,0x00000051acd00000] [id=16896]
  0x000001d26f6e7270 ConcurrentGCThread "G1 Refine#4" [stack: 0x00000051acd00000,0x00000051ace00000] [id=6236]
  0x000001d26f6e3d90 ConcurrentGCThread "G1 Refine#5" [stack: 0x00000051ace00000,0x00000051acf00000] [id=14732]
  0x000001d26f403630 ConcurrentGCThread "G1 Service" [stack: 0x00000051ad400000,0x00000051ad500000] [id=6200]

Threads with active compile tasks:
C2 CompilerThread0    97881 13507       4       com.sun.tools.javac.code.Symtab::enterClass (71 bytes)
C1 CompilerThread0    97881 13826       2       com.sun.tools.javac.comp.Resolve::findMethod (428 bytes)
C2 CompilerThread1    97881 13694       4       com.sun.tools.javac.code.Scope$ScopeImpl::lambda$getSymbolsByName$2 (12 bytes)

VM state: not at safepoint (normal execution)

VM Mutex/Monitor currently owned by a thread: None

Heap address: 0x0000000700000000, size: 4096 MB, Compressed Oops mode: Zero based, Oop shift amount: 3

CDS archive(s) mapped at: [0x000001d200000000-0x000001d200bd0000-0x000001d200bd0000), size 12386304, SharedBaseAddress: 0x000001d200000000, ArchiveRelocationMode: 1.
Compressed class space mapped at: 0x000001d201000000-0x000001d241000000, reserved size: 1073741824
Narrow klass base: 0x000001d200000000, Narrow klass shift: 0, Narrow klass range: 0x100000000

GC Precious Log:
 CPUs: 6 total, 6 available
 Memory: 16366M
 Large Page Support: Disabled
 NUMA Support: Disabled
 Compressed Oops: Enabled (Zero based)
 Heap Region Size: 2M
 Heap Min Capacity: 8M
 Heap Initial Capacity: 256M
 Heap Max Capacity: 4G
 Pre-touch: Disabled
 Parallel Workers: 6
 Concurrent Workers: 2
 Concurrent Refinement Workers: 6
 Periodic GC: Disabled

Heap:
 garbage-first heap   total 888832K, used 488113K [0x0000000700000000, 0x0000000800000000)
  region size 2048K, 22 young (45056K), 18 survivors (36864K)
 Metaspace       used 79566K, committed 80384K, reserved 1179648K
  class space    used 10830K, committed 11200K, reserved 1048576K

Heap Regions: E=young(eden), S=young(survivor), O=old, HS=humongous(starts), HC=humongous(continues), CS=collection set, F=free, OA=open archive, CA=closed archive, TAMS=top-at-mark-start (previous, next)
|   0|0x0000000700000000, 0x0000000700200000, 0x0000000700200000|100%|HS|  |TAMS 0x0000000700200000, 0x0000000700000000| Complete 
|   1|0x0000000700200000, 0x0000000700400000, 0x0000000700400000|100%|HC|  |TAMS 0x0000000700400000, 0x0000000700200000| Complete 
|   2|0x0000000700400000, 0x0000000700600000, 0x0000000700600000|100%| O|  |TAMS 0x0000000700600000, 0x0000000700400000| Untracked 
|   3|0x0000000700600000, 0x0000000700800000, 0x0000000700800000|100%| O|  |TAMS 0x0000000700800000, 0x0000000700600000| Untracked 
|   4|0x0000000700800000, 0x00000007009d4c00, 0x0000000700a00000| 91%| O|  |TAMS 0x00000007009d4c00, 0x0000000700800000| Untracked 
|   5|0x0000000700a00000, 0x0000000700c00000, 0x0000000700c00000|100%| O|  |TAMS 0x0000000700c00000, 0x0000000700a00000| Untracked 
|   6|0x0000000700c00000, 0x0000000700e00000, 0x0000000700e00000|100%| O|  |TAMS 0x0000000700e00000, 0x0000000700c00000| Untracked 
|   7|0x0000000700e00000, 0x0000000701000000, 0x0000000701000000|100%| O|  |TAMS 0x0000000701000000, 0x0000000700e00000| Untracked 
|   8|0x0000000701000000, 0x0000000701200000, 0x0000000701200000|100%| O|  |TAMS 0x0000000701200000, 0x0000000701000000| Untracked 
|   9|0x0000000701200000, 0x0000000701400000, 0x0000000701400000|100%| O|  |TAMS 0x0000000701400000, 0x0000000701200000| Untracked 
|  10|0x0000000701400000, 0x0000000701600000, 0x0000000701600000|100%| O|  |TAMS 0x0000000701600000, 0x0000000701400000| Untracked 
|  11|0x0000000701600000, 0x0000000701800000, 0x0000000701800000|100%| O|  |TAMS 0x0000000701800000, 0x0000000701600000| Untracked 
|  12|0x0000000701800000, 0x0000000701a00000, 0x0000000701a00000|100%| O|  |TAMS 0x0000000701a00000, 0x0000000701800000| Untracked 
|  13|0x0000000701a00000, 0x0000000701c00000, 0x0000000701c00000|100%| O|  |TAMS 0x0000000701c00000, 0x0000000701a00000| Untracked 
|  14|0x0000000701c00000, 0x0000000701e00000, 0x0000000701e00000|100%| O|  |TAMS 0x0000000701e00000, 0x0000000701c00000| Untracked 
|  15|0x0000000701e00000, 0x0000000702000000, 0x0000000702000000|100%| O|  |TAMS 0x0000000702000000, 0x0000000701e00000| Untracked 
|  16|0x0000000702000000, 0x0000000702200000, 0x0000000702200000|100%| O|  |TAMS 0x0000000702200000, 0x0000000702000000| Untracked 
|  17|0x0000000702200000, 0x0000000702400000, 0x0000000702400000|100%| O|  |TAMS 0x0000000702400000, 0x0000000702200000| Untracked 
|  18|0x0000000702400000, 0x0000000702600000, 0x0000000702600000|100%| O|  |TAMS 0x0000000702600000, 0x0000000702400000| Untracked 
|  19|0x0000000702600000, 0x0000000702800000, 0x0000000702800000|100%| O|  |TAMS 0x0000000702800000, 0x0000000702600000| Untracked 
|  20|0x0000000702800000, 0x0000000702a00000, 0x0000000702a00000|100%| O|  |TAMS 0x0000000702a00000, 0x0000000702800000| Untracked 
|  21|0x0000000702a00000, 0x0000000702c00000, 0x0000000702c00000|100%|HS|  |TAMS 0x0000000702c00000, 0x0000000702a00000| Complete 
|  22|0x0000000702c00000, 0x0000000702e00000, 0x0000000702e00000|100%| O|  |TAMS 0x0000000702e00000, 0x0000000702c00000| Untracked 
|  23|0x0000000702e00000, 0x0000000703000000, 0x0000000703000000|100%| O|  |TAMS 0x0000000703000000, 0x0000000702e00000| Untracked 
|  24|0x0000000703000000, 0x0000000703200000, 0x0000000703200000|100%| O|  |TAMS 0x0000000703200000, 0x0000000703000000| Untracked 
|  25|0x0000000703200000, 0x0000000703400000, 0x0000000703400000|100%| O|  |TAMS 0x0000000703400000, 0x0000000703200000| Untracked 
|  26|0x0000000703400000, 0x0000000703600000, 0x0000000703600000|100%| O|  |TAMS 0x0000000703600000, 0x0000000703400000| Untracked 
|  27|0x0000000703600000, 0x0000000703800000, 0x0000000703800000|100%| O|  |TAMS 0x0000000703800000, 0x0000000703600000| Untracked 
|  28|0x0000000703800000, 0x0000000703a00000, 0x0000000703a00000|100%| O|  |TAMS 0x0000000703a00000, 0x0000000703800000| Untracked 
|  29|0x0000000703a00000, 0x0000000703c00000, 0x0000000703c00000|100%| O|  |TAMS 0x0000000703c00000, 0x0000000703a00000| Untracked 
|  30|0x0000000703c00000, 0x0000000703e00000, 0x0000000703e00000|100%| O|  |TAMS 0x0000000703c00000, 0x0000000703c00000| Untracked 
|  31|0x0000000703e00000, 0x0000000704000000, 0x0000000704000000|100%| O|  |TAMS 0x0000000704000000, 0x0000000703e00000| Untracked 
|  32|0x0000000704000000, 0x0000000704200000, 0x0000000704200000|100%| O|  |TAMS 0x0000000704000000, 0x0000000704000000| Untracked 
|  33|0x0000000704200000, 0x0000000704400000, 0x0000000704400000|100%| O|  |TAMS 0x0000000704400000, 0x0000000704200000| Untracked 
|  34|0x0000000704400000, 0x0000000704600000, 0x0000000704600000|100%|HS|  |TAMS 0x0000000704400000, 0x0000000704400000| Complete 
|  35|0x0000000704600000, 0x0000000704800000, 0x0000000704800000|100%| O|  |TAMS 0x0000000704600000, 0x0000000704600000| Untracked 
|  36|0x0000000704800000, 0x0000000704a00000, 0x0000000704a00000|100%| O|  |TAMS 0x0000000704a00000, 0x0000000704800000| Untracked 
|  37|0x0000000704a00000, 0x0000000704c00000, 0x0000000704c00000|100%| O|  |TAMS 0x0000000704c00000, 0x0000000704a00000| Untracked 
|  38|0x0000000704c00000, 0x0000000704e00000, 0x0000000704e00000|100%| O|  |TAMS 0x0000000704e00000, 0x0000000704c00000| Untracked 
|  39|0x0000000704e00000, 0x0000000705000000, 0x0000000705000000|100%| O|  |TAMS 0x0000000705000000, 0x0000000704e00000| Untracked 
|  40|0x0000000705000000, 0x0000000705200000, 0x0000000705200000|100%| O|  |TAMS 0x0000000705200000, 0x0000000705000000| Untracked 
|  41|0x0000000705200000, 0x0000000705400000, 0x0000000705400000|100%| O|  |TAMS 0x0000000705400000, 0x0000000705200000| Untracked 
|  42|0x0000000705400000, 0x0000000705600000, 0x0000000705600000|100%| O|  |TAMS 0x0000000705600000, 0x0000000705400000| Untracked 
|  43|0x0000000705600000, 0x0000000705800000, 0x0000000705800000|100%| O|  |TAMS 0x0000000705800000, 0x0000000705600000| Untracked 
|  44|0x0000000705800000, 0x0000000705a00000, 0x0000000705a00000|100%| O|  |TAMS 0x0000000705800000, 0x0000000705800000| Untracked 
|  45|0x0000000705a00000, 0x0000000705c00000, 0x0000000705c00000|100%| O|  |TAMS 0x0000000705a00000, 0x0000000705a00000| Untracked 
|  46|0x0000000705c00000, 0x0000000705e00000, 0x0000000705e00000|100%| O|  |TAMS 0x0000000705c00000, 0x0000000705c00000| Untracked 
|  47|0x0000000705e00000, 0x0000000706000000, 0x0000000706000000|100%| O|  |TAMS 0x0000000705e00000, 0x0000000705e00000| Untracked 
|  48|0x0000000706000000, 0x0000000706200000, 0x0000000706200000|100%| O|  |TAMS 0x0000000706000000, 0x0000000706000000| Untracked 
|  49|0x0000000706200000, 0x0000000706400000, 0x0000000706400000|100%| O|  |TAMS 0x0000000706200000, 0x0000000706200000| Untracked 
|  50|0x0000000706400000, 0x0000000706600000, 0x0000000706600000|100%| O|  |TAMS 0x0000000706400000, 0x0000000706400000| Untracked 
|  51|0x0000000706600000, 0x0000000706800000, 0x0000000706800000|100%| O|  |TAMS 0x0000000706600000, 0x0000000706600000| Untracked 
|  52|0x0000000706800000, 0x0000000706a00000, 0x0000000706a00000|100%| O|  |TAMS 0x0000000706a00000, 0x0000000706800000| Untracked 
|  53|0x0000000706a00000, 0x0000000706c00000, 0x0000000706c00000|100%| O|  |TAMS 0x0000000706c00000, 0x0000000706a00000| Untracked 
|  54|0x0000000706c00000, 0x0000000706e00000, 0x0000000706e00000|100%| O|  |TAMS 0x0000000706e00000, 0x0000000706c00000| Untracked 
|  55|0x0000000706e00000, 0x0000000707000000, 0x0000000707000000|100%| O|  |TAMS 0x0000000707000000, 0x0000000706e00000| Untracked 
|  56|0x0000000707000000, 0x0000000707200000, 0x0000000707200000|100%| O|  |TAMS 0x0000000707200000, 0x0000000707000000| Untracked 
|  57|0x0000000707200000, 0x0000000707400000, 0x0000000707400000|100%|HS|  |TAMS 0x0000000707200000, 0x0000000707200000| Complete 
|  58|0x0000000707400000, 0x0000000707600000, 0x0000000707600000|100%| O|  |TAMS 0x0000000707400000, 0x0000000707400000| Untracked 
|  59|0x0000000707600000, 0x0000000707800000, 0x0000000707800000|100%| O|  |TAMS 0x0000000707600000, 0x0000000707600000| Untracked 
|  60|0x0000000707800000, 0x0000000707a00000, 0x0000000707a00000|100%| O|  |TAMS 0x0000000707800000, 0x0000000707800000| Untracked 
|  61|0x0000000707a00000, 0x0000000707c00000, 0x0000000707c00000|100%| O|  |TAMS 0x0000000707a00000, 0x0000000707a00000| Untracked 
|  62|0x0000000707c00000, 0x0000000707e00000, 0x0000000707e00000|100%| O|  |TAMS 0x0000000707c00000, 0x0000000707c00000| Untracked 
|  63|0x0000000707e00000, 0x0000000708000000, 0x0000000708000000|100%| O|  |TAMS 0x0000000707e00000, 0x0000000707e00000| Untracked 
|  64|0x0000000708000000, 0x0000000708200000, 0x0000000708200000|100%| O|  |TAMS 0x0000000708000000, 0x0000000708000000| Untracked 
|  65|0x0000000708200000, 0x0000000708400000, 0x0000000708400000|100%| O|  |TAMS 0x0000000708200000, 0x0000000708200000| Untracked 
|  66|0x0000000708400000, 0x0000000708600000, 0x0000000708600000|100%| O|  |TAMS 0x0000000708400000, 0x0000000708400000| Untracked 
|  67|0x0000000708600000, 0x0000000708800000, 0x0000000708800000|100%| O|  |TAMS 0x0000000708600000, 0x0000000708600000| Untracked 
|  68|0x0000000708800000, 0x0000000708a00000, 0x0000000708a00000|100%| O|  |TAMS 0x0000000708800000, 0x0000000708800000| Untracked 
|  69|0x0000000708a00000, 0x0000000708c00000, 0x0000000708c00000|100%| O|  |TAMS 0x0000000708a00000, 0x0000000708a00000| Untracked 
|  70|0x0000000708c00000, 0x0000000708e00000, 0x0000000708e00000|100%| O|  |TAMS 0x0000000708c00000, 0x0000000708c00000| Untracked 
|  71|0x0000000708e00000, 0x0000000709000000, 0x0000000709000000|100%| O|  |TAMS 0x0000000708e00000, 0x0000000708e00000| Untracked 
|  72|0x0000000709000000, 0x0000000709200000, 0x0000000709200000|100%| O|  |TAMS 0x0000000709000000, 0x0000000709000000| Untracked 
|  73|0x0000000709200000, 0x0000000709400000, 0x0000000709400000|100%| O|  |TAMS 0x0000000709200000, 0x0000000709200000| Untracked 
|  74|0x0000000709400000, 0x0000000709600000, 0x0000000709600000|100%| O|  |TAMS 0x0000000709400000, 0x0000000709400000| Untracked 
|  75|0x0000000709600000, 0x0000000709800000, 0x0000000709800000|100%| O|  |TAMS 0x0000000709600000, 0x0000000709600000| Untracked 
|  76|0x0000000709800000, 0x0000000709a00000, 0x0000000709a00000|100%| O|  |TAMS 0x0000000709800000, 0x0000000709800000| Untracked 
|  77|0x0000000709a00000, 0x0000000709c00000, 0x0000000709c00000|100%| O|  |TAMS 0x0000000709a00000, 0x0000000709a00000| Untracked 
|  78|0x0000000709c00000, 0x0000000709e00000, 0x0000000709e00000|100%| O|  |TAMS 0x0000000709c00000, 0x0000000709c00000| Untracked 
|  79|0x0000000709e00000, 0x000000070a000000, 0x000000070a000000|100%| O|  |TAMS 0x0000000709e00000, 0x0000000709e00000| Untracked 
|  80|0x000000070a000000, 0x000000070a200000, 0x000000070a200000|100%| O|  |TAMS 0x000000070a000000, 0x000000070a000000| Untracked 
|  81|0x000000070a200000, 0x000000070a400000, 0x000000070a400000|100%| O|  |TAMS 0x000000070a400000, 0x000000070a200000| Untracked 
|  82|0x000000070a400000, 0x000000070a600000, 0x000000070a600000|100%| O|  |TAMS 0x000000070a600000, 0x000000070a400000| Untracked 
|  83|0x000000070a600000, 0x000000070a800000, 0x000000070a800000|100%| O|  |TAMS 0x000000070a600000, 0x000000070a600000| Untracked 
|  84|0x000000070a800000, 0x000000070aa00000, 0x000000070aa00000|100%| O|  |TAMS 0x000000070aa00000, 0x000000070a800000| Untracked 
|  85|0x000000070aa00000, 0x000000070ac00000, 0x000000070ac00000|100%| O|  |TAMS 0x000000070aa00000, 0x000000070aa00000| Untracked 
|  86|0x000000070ac00000, 0x000000070ae00000, 0x000000070ae00000|100%| O|  |TAMS 0x000000070ac00000, 0x000000070ac00000| Untracked 
|  87|0x000000070ae00000, 0x000000070b000000, 0x000000070b000000|100%| O|  |TAMS 0x000000070ae00000, 0x000000070ae00000| Untracked 
|  88|0x000000070b000000, 0x000000070b200000, 0x000000070b200000|100%|HS|  |TAMS 0x000000070b000000, 0x000000070b000000| Complete 
|  89|0x000000070b200000, 0x000000070b400000, 0x000000070b400000|100%| O|  |TAMS 0x000000070b200000, 0x000000070b200000| Untracked 
|  90|0x000000070b400000, 0x000000070b600000, 0x000000070b600000|100%| O|  |TAMS 0x000000070b400000, 0x000000070b400000| Untracked 
|  91|0x000000070b600000, 0x000000070b800000, 0x000000070b800000|100%| O|  |TAMS 0x000000070b600000, 0x000000070b600000| Untracked 
|  92|0x000000070b800000, 0x000000070ba00000, 0x000000070ba00000|100%| O|  |TAMS 0x000000070b800000, 0x000000070b800000| Untracked 
|  93|0x000000070ba00000, 0x000000070bc00000, 0x000000070bc00000|100%| O|  |TAMS 0x000000070ba00000, 0x000000070ba00000| Untracked 
|  94|0x000000070bc00000, 0x000000070be00000, 0x000000070be00000|100%| O|  |TAMS 0x000000070bc00000, 0x000000070bc00000| Untracked 
|  95|0x000000070be00000, 0x000000070c000000, 0x000000070c000000|100%| O|  |TAMS 0x000000070be00000, 0x000000070be00000| Untracked 
|  96|0x000000070c000000, 0x000000070c200000, 0x000000070c200000|100%| O|  |TAMS 0x000000070c000000, 0x000000070c000000| Untracked 
|  97|0x000000070c200000, 0x000000070c400000, 0x000000070c400000|100%| O|  |TAMS 0x000000070c200000, 0x000000070c200000| Untracked 
|  98|0x000000070c400000, 0x000000070c600000, 0x000000070c600000|100%| O|  |TAMS 0x000000070c400000, 0x000000070c400000| Untracked 
|  99|0x000000070c600000, 0x000000070c800000, 0x000000070c800000|100%| O|  |TAMS 0x000000070c600000, 0x000000070c600000| Untracked 
| 100|0x000000070c800000, 0x000000070ca00000, 0x000000070ca00000|100%| O|  |TAMS 0x000000070c800000, 0x000000070c800000| Untracked 
| 101|0x000000070ca00000, 0x000000070cc00000, 0x000000070cc00000|100%| O|  |TAMS 0x000000070ca00000, 0x000000070ca00000| Untracked 
| 102|0x000000070cc00000, 0x000000070ce00000, 0x000000070ce00000|100%| O|  |TAMS 0x000000070cc00000, 0x000000070cc00000| Untracked 
| 103|0x000000070ce00000, 0x000000070d000000, 0x000000070d000000|100%| O|  |TAMS 0x000000070ce00000, 0x000000070ce00000| Untracked 
| 104|0x000000070d000000, 0x000000070d200000, 0x000000070d200000|100%| O|  |TAMS 0x000000070d000000, 0x000000070d000000| Untracked 
| 105|0x000000070d200000, 0x000000070d400000, 0x000000070d400000|100%| O|  |TAMS 0x000000070d200000, 0x000000070d200000| Untracked 
| 106|0x000000070d400000, 0x000000070d600000, 0x000000070d600000|100%| O|  |TAMS 0x000000070d400000, 0x000000070d400000| Untracked 
| 107|0x000000070d600000, 0x000000070d800000, 0x000000070d800000|100%| O|  |TAMS 0x000000070d600000, 0x000000070d600000| Untracked 
| 108|0x000000070d800000, 0x000000070da00000, 0x000000070da00000|100%| O|  |TAMS 0x000000070d800000, 0x000000070d800000| Untracked 
| 109|0x000000070da00000, 0x000000070dc00000, 0x000000070dc00000|100%| O|  |TAMS 0x000000070da00000, 0x000000070da00000| Untracked 
| 110|0x000000070dc00000, 0x000000070de00000, 0x000000070de00000|100%| O|  |TAMS 0x000000070dc00000, 0x000000070dc00000| Untracked 
| 111|0x000000070de00000, 0x000000070e000000, 0x000000070e000000|100%| O|  |TAMS 0x000000070de00000, 0x000000070de00000| Untracked 
| 112|0x000000070e000000, 0x000000070e200000, 0x000000070e200000|100%| O|  |TAMS 0x000000070e000000, 0x000000070e000000| Untracked 
| 113|0x000000070e200000, 0x000000070e400000, 0x000000070e400000|100%| O|  |TAMS 0x000000070e200000, 0x000000070e200000| Untracked 
| 114|0x000000070e400000, 0x000000070e600000, 0x000000070e600000|100%| O|  |TAMS 0x000000070e400000, 0x000000070e400000| Untracked 
| 115|0x000000070e600000, 0x000000070e800000, 0x000000070e800000|100%| O|  |TAMS 0x000000070e600000, 0x000000070e600000| Untracked 
| 116|0x000000070e800000, 0x000000070ea00000, 0x000000070ea00000|100%| O|  |TAMS 0x000000070e800000, 0x000000070e800000| Untracked 
| 117|0x000000070ea00000, 0x000000070ec00000, 0x000000070ec00000|100%| O|  |TAMS 0x000000070ea00000, 0x000000070ea00000| Untracked 
| 118|0x000000070ec00000, 0x000000070ee00000, 0x000000070ee00000|100%| O|  |TAMS 0x000000070ec00000, 0x000000070ec00000| Untracked 
| 119|0x000000070ee00000, 0x000000070f000000, 0x000000070f000000|100%| O|  |TAMS 0x000000070ee00000, 0x000000070ee00000| Untracked 
| 120|0x000000070f000000, 0x000000070f200000, 0x000000070f200000|100%| O|  |TAMS 0x000000070f000000, 0x000000070f000000| Untracked 
| 121|0x000000070f200000, 0x000000070f400000, 0x000000070f400000|100%| O|  |TAMS 0x000000070f200000, 0x000000070f200000| Untracked 
| 122|0x000000070f400000, 0x000000070f600000, 0x000000070f600000|100%| O|  |TAMS 0x000000070f400000, 0x000000070f400000| Untracked 
| 123|0x000000070f600000, 0x000000070f6d7a00, 0x000000070f800000| 42%| O|  |TAMS 0x000000070f600000, 0x000000070f600000| Untracked 
| 124|0x000000070f800000, 0x000000070fa00000, 0x000000070fa00000|100%| O|  |TAMS 0x000000070f800000, 0x000000070f800000| Untracked 
| 125|0x000000070fa00000, 0x000000070fc00000, 0x000000070fc00000|100%| O|  |TAMS 0x000000070fa00000, 0x000000070fa00000| Untracked 
| 126|0x000000070fc00000, 0x000000070fe00000, 0x000000070fe00000|100%| O|  |TAMS 0x000000070fc00000, 0x000000070fc00000| Untracked 
| 127|0x000000070fe00000, 0x0000000710000000, 0x0000000710000000|100%| O|  |TAMS 0x000000070fe00000, 0x000000070fe00000| Untracked 
| 128|0x0000000710000000, 0x0000000710200000, 0x0000000710200000|100%| O|  |TAMS 0x0000000710000000, 0x0000000710000000| Untracked 
| 129|0x0000000710200000, 0x0000000710400000, 0x0000000710400000|100%| O|  |TAMS 0x0000000710200000, 0x0000000710200000| Untracked 
| 130|0x0000000710400000, 0x0000000710600000, 0x0000000710600000|100%| O|  |TAMS 0x0000000710400000, 0x0000000710400000| Untracked 
| 131|0x0000000710600000, 0x0000000710800000, 0x0000000710800000|100%| O|  |TAMS 0x0000000710600000, 0x0000000710600000| Untracked 
| 132|0x0000000710800000, 0x0000000710a00000, 0x0000000710a00000|100%| O|  |TAMS 0x0000000710800000, 0x0000000710800000| Untracked 
| 133|0x0000000710a00000, 0x0000000710c00000, 0x0000000710c00000|100%| O|  |TAMS 0x0000000710a00000, 0x0000000710a00000| Untracked 
| 134|0x0000000710c00000, 0x0000000710e00000, 0x0000000710e00000|100%| O|  |TAMS 0x0000000710c00000, 0x0000000710c00000| Untracked 
| 135|0x0000000710e00000, 0x0000000711000000, 0x0000000711000000|100%| O|  |TAMS 0x0000000710e00000, 0x0000000710e00000| Untracked 
| 136|0x0000000711000000, 0x0000000711200000, 0x0000000711200000|100%|HS|  |TAMS 0x0000000711000000, 0x0000000711000000| Complete 
| 137|0x0000000711200000, 0x0000000711400000, 0x0000000711400000|100%| O|  |TAMS 0x0000000711200000, 0x0000000711200000| Untracked 
| 138|0x0000000711400000, 0x0000000711600000, 0x0000000711600000|100%| O|  |TAMS 0x0000000711400000, 0x0000000711400000| Untracked 
| 139|0x0000000711600000, 0x0000000711800000, 0x0000000711800000|100%| O|  |TAMS 0x0000000711600000, 0x0000000711600000| Untracked 
| 140|0x0000000711800000, 0x0000000711a00000, 0x0000000711a00000|100%| O|  |TAMS 0x0000000711800000, 0x0000000711800000| Untracked 
| 141|0x0000000711a00000, 0x0000000711c00000, 0x0000000711c00000|100%| O|  |TAMS 0x0000000711a00000, 0x0000000711a00000| Untracked 
| 142|0x0000000711c00000, 0x0000000711e00000, 0x0000000711e00000|100%| O|  |TAMS 0x0000000711c00000, 0x0000000711c00000| Untracked 
| 143|0x0000000711e00000, 0x0000000712000000, 0x0000000712000000|100%| O|  |TAMS 0x0000000711e00000, 0x0000000711e00000| Untracked 
| 144|0x0000000712000000, 0x0000000712200000, 0x0000000712200000|100%| O|  |TAMS 0x0000000712000000, 0x0000000712000000| Untracked 
| 145|0x0000000712200000, 0x0000000712400000, 0x0000000712400000|100%| O|  |TAMS 0x0000000712200000, 0x0000000712200000| Untracked 
| 146|0x0000000712400000, 0x0000000712600000, 0x0000000712600000|100%| O|  |TAMS 0x0000000712400000, 0x0000000712400000| Untracked 
| 147|0x0000000712600000, 0x0000000712800000, 0x0000000712800000|100%| O|  |TAMS 0x0000000712800000, 0x0000000712600000| Untracked 
| 148|0x0000000712800000, 0x0000000712a00000, 0x0000000712a00000|100%| O|  |TAMS 0x0000000712a00000, 0x0000000712800000| Untracked 
| 149|0x0000000712a00000, 0x0000000712c00000, 0x0000000712c00000|100%| O|  |TAMS 0x0000000712c00000, 0x0000000712a00000| Untracked 
| 150|0x0000000712c00000, 0x0000000712e00000, 0x0000000712e00000|100%| O|  |TAMS 0x0000000712e00000, 0x0000000712c00000| Untracked 
| 151|0x0000000712e00000, 0x0000000713000000, 0x0000000713000000|100%| O|  |TAMS 0x0000000713000000, 0x0000000712e00000| Untracked 
| 152|0x0000000713000000, 0x0000000713200000, 0x0000000713200000|100%| O|  |TAMS 0x0000000713200000, 0x0000000713000000| Untracked 
| 153|0x0000000713200000, 0x0000000713400000, 0x0000000713400000|100%| O|  |TAMS 0x0000000713200000, 0x0000000713200000| Untracked 
| 154|0x0000000713400000, 0x0000000713600000, 0x0000000713600000|100%| O|  |TAMS 0x0000000713400000, 0x0000000713400000| Untracked 
| 155|0x0000000713600000, 0x0000000713800000, 0x0000000713800000|100%| O|  |TAMS 0x0000000713600000, 0x0000000713600000| Untracked 
| 156|0x0000000713800000, 0x0000000713a00000, 0x0000000713a00000|100%| O|  |TAMS 0x0000000713800000, 0x0000000713800000| Untracked 
| 157|0x0000000713a00000, 0x0000000713c00000, 0x0000000713c00000|100%| O|  |TAMS 0x0000000713a00000, 0x0000000713a00000| Untracked 
| 158|0x0000000713c00000, 0x0000000713e00000, 0x0000000713e00000|100%| O|  |TAMS 0x0000000713c00000, 0x0000000713c00000| Untracked 
| 159|0x0000000713e00000, 0x0000000714000000, 0x0000000714000000|100%| O|  |TAMS 0x0000000713e00000, 0x0000000713e00000| Untracked 
| 160|0x0000000714000000, 0x0000000714200000, 0x0000000714200000|100%| O|  |TAMS 0x0000000714000000, 0x0000000714000000| Untracked 
| 161|0x0000000714200000, 0x0000000714400000, 0x0000000714400000|100%| O|  |TAMS 0x0000000714200000, 0x0000000714200000| Untracked 
| 162|0x0000000714400000, 0x0000000714600000, 0x0000000714600000|100%| O|  |TAMS 0x0000000714400000, 0x0000000714400000| Untracked 
| 163|0x0000000714600000, 0x0000000714800000, 0x0000000714800000|100%| O|  |TAMS 0x0000000714600000, 0x0000000714600000| Untracked 
| 164|0x0000000714800000, 0x0000000714a00000, 0x0000000714a00000|100%| O|  |TAMS 0x0000000714800000, 0x0000000714800000| Untracked 
| 165|0x0000000714a00000, 0x0000000714c00000, 0x0000000714c00000|100%| O|  |TAMS 0x0000000714a00000, 0x0000000714a00000| Untracked 
| 166|0x0000000714c00000, 0x0000000714e00000, 0x0000000714e00000|100%| O|  |TAMS 0x0000000714c00000, 0x0000000714c00000| Untracked 
| 167|0x0000000714e00000, 0x0000000715000000, 0x0000000715000000|100%| O|  |TAMS 0x0000000715000000, 0x0000000714e00000| Untracked 
| 168|0x0000000715000000, 0x0000000715200000, 0x0000000715200000|100%| O|  |TAMS 0x0000000715200000, 0x0000000715000000| Untracked 
| 169|0x0000000715200000, 0x0000000715400000, 0x0000000715400000|100%| O|  |TAMS 0x0000000715400000, 0x0000000715200000| Untracked 
| 170|0x0000000715400000, 0x0000000715600000, 0x0000000715600000|100%| O|  |TAMS 0x0000000715600000, 0x0000000715400000| Untracked 
| 171|0x0000000715600000, 0x0000000715800000, 0x0000000715800000|100%| O|  |TAMS 0x0000000715800000, 0x0000000715600000| Untracked 
| 172|0x0000000715800000, 0x0000000715a00000, 0x0000000715a00000|100%| O|  |TAMS 0x0000000715a00000, 0x0000000715800000| Untracked 
| 173|0x0000000715a00000, 0x0000000715c00000, 0x0000000715c00000|100%| O|  |TAMS 0x0000000715bc1000, 0x0000000715a00000| Untracked 
| 174|0x0000000715c00000, 0x0000000715e00000, 0x0000000715e00000|100%| O|  |TAMS 0x0000000715c00000, 0x0000000715c00000| Untracked 
| 175|0x0000000715e00000, 0x0000000716000000, 0x0000000716000000|100%| O|  |TAMS 0x0000000715e00000, 0x0000000715e00000| Untracked 
| 176|0x0000000716000000, 0x0000000716200000, 0x0000000716200000|100%| O|  |TAMS 0x0000000716000000, 0x0000000716000000| Untracked 
| 177|0x0000000716200000, 0x0000000716400000, 0x0000000716400000|100%| O|  |TAMS 0x0000000716200000, 0x0000000716200000| Untracked 
| 178|0x0000000716400000, 0x0000000716600000, 0x0000000716600000|100%| O|  |TAMS 0x0000000716400000, 0x0000000716400000| Untracked 
| 179|0x0000000716600000, 0x0000000716800000, 0x0000000716800000|100%| O|  |TAMS 0x0000000716600000, 0x0000000716600000| Untracked 
| 180|0x0000000716800000, 0x0000000716a00000, 0x0000000716a00000|100%| O|  |TAMS 0x0000000716800000, 0x0000000716800000| Untracked 
| 181|0x0000000716a00000, 0x0000000716c00000, 0x0000000716c00000|100%| O|  |TAMS 0x0000000716a00000, 0x0000000716a00000| Untracked 
| 182|0x0000000716c00000, 0x0000000716e00000, 0x0000000716e00000|100%| O|  |TAMS 0x0000000716c00000, 0x0000000716c00000| Untracked 
| 183|0x0000000716e00000, 0x0000000717000000, 0x0000000717000000|100%| O|  |TAMS 0x0000000716e00000, 0x0000000716e00000| Untracked 
| 184|0x0000000717000000, 0x0000000717200000, 0x0000000717200000|100%| O|  |TAMS 0x0000000717000000, 0x0000000717000000| Untracked 
| 185|0x0000000717200000, 0x0000000717400000, 0x0000000717400000|100%| O|  |TAMS 0x0000000717200000, 0x0000000717200000| Untracked 
| 186|0x0000000717400000, 0x0000000717600000, 0x0000000717600000|100%| O|  |TAMS 0x0000000717400000, 0x0000000717400000| Untracked 
| 187|0x0000000717600000, 0x0000000717800000, 0x0000000717800000|100%| O|  |TAMS 0x0000000717600000, 0x0000000717600000| Untracked 
| 188|0x0000000717800000, 0x0000000717a00000, 0x0000000717a00000|100%| O|  |TAMS 0x0000000717800000, 0x0000000717800000| Untracked 
| 189|0x0000000717a00000, 0x0000000717c00000, 0x0000000717c00000|100%| O|  |TAMS 0x0000000717a00000, 0x0000000717a00000| Untracked 
| 190|0x0000000717c00000, 0x0000000717e00000, 0x0000000717e00000|100%| O|  |TAMS 0x0000000717c00000, 0x0000000717c00000| Untracked 
| 191|0x0000000717e00000, 0x0000000718000000, 0x0000000718000000|100%| O|  |TAMS 0x0000000717e00000, 0x0000000717e00000| Untracked 
| 192|0x0000000718000000, 0x0000000718200000, 0x0000000718200000|100%| O|  |TAMS 0x0000000718000000, 0x0000000718000000| Untracked 
| 193|0x0000000718200000, 0x0000000718400000, 0x0000000718400000|100%| O|  |TAMS 0x0000000718200000, 0x0000000718200000| Untracked 
| 194|0x0000000718400000, 0x0000000718600000, 0x0000000718600000|100%| O|  |TAMS 0x0000000718400000, 0x0000000718400000| Untracked 
| 195|0x0000000718600000, 0x0000000718800000, 0x0000000718800000|100%| O|  |TAMS 0x0000000718600000, 0x0000000718600000| Untracked 
| 196|0x0000000718800000, 0x0000000718a00000, 0x0000000718a00000|100%| O|  |TAMS 0x0000000718800000, 0x0000000718800000| Untracked 
| 197|0x0000000718a00000, 0x0000000718c00000, 0x0000000718c00000|100%| O|  |TAMS 0x0000000718a00000, 0x0000000718a00000| Untracked 
| 198|0x0000000718c00000, 0x0000000718e00000, 0x0000000718e00000|100%| O|  |TAMS 0x0000000718c00000, 0x0000000718c00000| Untracked 
| 199|0x0000000718e00000, 0x0000000719000000, 0x0000000719000000|100%| O|  |TAMS 0x0000000718e00000, 0x0000000718e00000| Untracked 
| 200|0x0000000719000000, 0x0000000719200000, 0x0000000719200000|100%| O|  |TAMS 0x0000000719000000, 0x0000000719000000| Untracked 
| 201|0x0000000719200000, 0x0000000719400000, 0x0000000719400000|100%| O|  |TAMS 0x0000000719200000, 0x0000000719200000| Untracked 
| 202|0x0000000719400000, 0x0000000719600000, 0x0000000719600000|100%| O|  |TAMS 0x0000000719600000, 0x0000000719400000| Untracked 
| 203|0x0000000719600000, 0x0000000719800000, 0x0000000719800000|100%| O|  |TAMS 0x0000000719800000, 0x0000000719600000| Untracked 
| 204|0x0000000719800000, 0x0000000719a00000, 0x0000000719a00000|100%| O|  |TAMS 0x0000000719a00000, 0x0000000719800000| Untracked 
| 205|0x0000000719a00000, 0x0000000719c00000, 0x0000000719c00000|100%| O|  |TAMS 0x0000000719a00000, 0x0000000719a00000| Untracked 
| 206|0x0000000719c00000, 0x0000000719e00000, 0x0000000719e00000|100%| O|  |TAMS 0x0000000719c00000, 0x0000000719c00000| Untracked 
| 207|0x0000000719e00000, 0x000000071a000000, 0x000000071a000000|100%| O|  |TAMS 0x0000000719e00000, 0x0000000719e00000| Untracked 
| 208|0x000000071a000000, 0x000000071a200000, 0x000000071a200000|100%| O|  |TAMS 0x000000071a200000, 0x000000071a000000| Untracked 
| 209|0x000000071a200000, 0x000000071a400000, 0x000000071a400000|100%| O|  |TAMS 0x000000071a200000, 0x000000071a200000| Untracked 
| 210|0x000000071a400000, 0x000000071a600000, 0x000000071a600000|100%| O|  |TAMS 0x000000071a400000, 0x000000071a400000| Untracked 
| 211|0x000000071a600000, 0x000000071a800000, 0x000000071a800000|100%| O|  |TAMS 0x000000071a800000, 0x000000071a600000| Untracked 
| 212|0x000000071a800000, 0x000000071aa00000, 0x000000071aa00000|100%| O|  |TAMS 0x000000071a800000, 0x000000071a800000| Untracked 
| 213|0x000000071aa00000, 0x000000071ac00000, 0x000000071ac00000|100%| O|  |TAMS 0x000000071aa00000, 0x000000071aa00000| Untracked 
| 214|0x000000071ac00000, 0x000000071ae00000, 0x000000071ae00000|100%| O|  |TAMS 0x000000071ac00000, 0x000000071ac00000| Untracked 
| 215|0x000000071ae00000, 0x000000071b000000, 0x000000071b000000|100%| O|  |TAMS 0x000000071ae00000, 0x000000071ae00000| Untracked 
| 216|0x000000071b000000, 0x000000071b200000, 0x000000071b200000|100%| O|  |TAMS 0x000000071b000000, 0x000000071b000000| Untracked 
| 217|0x000000071b200000, 0x000000071b400000, 0x000000071b400000|100%| O|  |TAMS 0x000000071b200000, 0x000000071b200000| Untracked 
| 218|0x000000071b400000, 0x000000071b400000, 0x000000071b600000|  0%| F|  |TAMS 0x000000071b400000, 0x000000071b400000| Untracked 
| 219|0x000000071b600000, 0x000000071b600000, 0x000000071b800000|  0%| F|  |TAMS 0x000000071b600000, 0x000000071b600000| Untracked 
| 220|0x000000071b800000, 0x000000071b800000, 0x000000071ba00000|  0%| F|  |TAMS 0x000000071b800000, 0x000000071b800000| Untracked 
| 221|0x000000071ba00000, 0x000000071ba00000, 0x000000071bc00000|  0%| F|  |TAMS 0x000000071ba00000, 0x000000071ba00000| Untracked 
| 222|0x000000071bc00000, 0x000000071bc00000, 0x000000071be00000|  0%| F|  |TAMS 0x000000071bc00000, 0x000000071bc00000| Untracked 
| 223|0x000000071be00000, 0x000000071be00000, 0x000000071c000000|  0%| F|  |TAMS 0x000000071be00000, 0x000000071be00000| Untracked 
| 224|0x000000071c000000, 0x000000071c000000, 0x000000071c200000|  0%| F|  |TAMS 0x000000071c000000, 0x000000071c000000| Untracked 
| 225|0x000000071c200000, 0x000000071c200000, 0x000000071c400000|  0%| F|  |TAMS 0x000000071c200000, 0x000000071c200000| Untracked 
| 226|0x000000071c400000, 0x000000071c400000, 0x000000071c600000|  0%| F|  |TAMS 0x000000071c400000, 0x000000071c400000| Untracked 
| 227|0x000000071c600000, 0x000000071c600000, 0x000000071c800000|  0%| F|  |TAMS 0x000000071c600000, 0x000000071c600000| Untracked 
| 228|0x000000071c800000, 0x000000071c800000, 0x000000071ca00000|  0%| F|  |TAMS 0x000000071c800000, 0x000000071c800000| Untracked 
| 229|0x000000071ca00000, 0x000000071ca00000, 0x000000071cc00000|  0%| F|  |TAMS 0x000000071ca00000, 0x000000071ca00000| Untracked 
| 230|0x000000071cc00000, 0x000000071cc00000, 0x000000071ce00000|  0%| F|  |TAMS 0x000000071cc00000, 0x000000071cc00000| Untracked 
| 231|0x000000071ce00000, 0x000000071ce00000, 0x000000071d000000|  0%| F|  |TAMS 0x000000071ce00000, 0x000000071ce00000| Untracked 
| 232|0x000000071d000000, 0x000000071d000000, 0x000000071d200000|  0%| F|  |TAMS 0x000000071d000000, 0x000000071d000000| Untracked 
| 233|0x000000071d200000, 0x000000071d200000, 0x000000071d400000|  0%| F|  |TAMS 0x000000071d200000, 0x000000071d200000| Untracked 
| 234|0x000000071d400000, 0x000000071d400000, 0x000000071d600000|  0%| F|  |TAMS 0x000000071d400000, 0x000000071d400000| Untracked 
| 235|0x000000071d600000, 0x000000071d600000, 0x000000071d800000|  0%| F|  |TAMS 0x000000071d600000, 0x000000071d600000| Untracked 
| 236|0x000000071d800000, 0x000000071d800000, 0x000000071da00000|  0%| F|  |TAMS 0x000000071d800000, 0x000000071d800000| Untracked 
| 237|0x000000071da00000, 0x000000071da00000, 0x000000071dc00000|  0%| F|  |TAMS 0x000000071da00000, 0x000000071da00000| Untracked 
| 238|0x000000071dc00000, 0x000000071dc00000, 0x000000071de00000|  0%| F|  |TAMS 0x000000071dc00000, 0x000000071dc00000| Untracked 
| 239|0x000000071de00000, 0x000000071de00000, 0x000000071e000000|  0%| F|  |TAMS 0x000000071de00000, 0x000000071de00000| Untracked 
| 240|0x000000071e000000, 0x000000071e000000, 0x000000071e200000|  0%| F|  |TAMS 0x000000071e000000, 0x000000071e000000| Untracked 
| 241|0x000000071e200000, 0x000000071e200000, 0x000000071e400000|  0%| F|  |TAMS 0x000000071e200000, 0x000000071e200000| Untracked 
| 242|0x000000071e400000, 0x000000071e400000, 0x000000071e600000|  0%| F|  |TAMS 0x000000071e400000, 0x000000071e400000| Untracked 
| 243|0x000000071e600000, 0x000000071e600000, 0x000000071e800000|  0%| F|  |TAMS 0x000000071e600000, 0x000000071e600000| Untracked 
| 244|0x000000071e800000, 0x000000071e800000, 0x000000071ea00000|  0%| F|  |TAMS 0x000000071e800000, 0x000000071e800000| Untracked 
| 245|0x000000071ea00000, 0x000000071ea00000, 0x000000071ec00000|  0%| F|  |TAMS 0x000000071ea00000, 0x000000071ea00000| Untracked 
| 246|0x000000071ec00000, 0x000000071ec00000, 0x000000071ee00000|  0%| F|  |TAMS 0x000000071ec00000, 0x000000071ec00000| Untracked 
| 247|0x000000071ee00000, 0x000000071ee00000, 0x000000071f000000|  0%| F|  |TAMS 0x000000071ee00000, 0x000000071ee00000| Untracked 
| 248|0x000000071f000000, 0x000000071f000000, 0x000000071f200000|  0%| F|  |TAMS 0x000000071f000000, 0x000000071f000000| Untracked 
| 249|0x000000071f200000, 0x000000071f200000, 0x000000071f400000|  0%| F|  |TAMS 0x000000071f200000, 0x000000071f200000| Untracked 
| 250|0x000000071f400000, 0x000000071f400000, 0x000000071f600000|  0%| F|  |TAMS 0x000000071f400000, 0x000000071f400000| Untracked 
| 251|0x000000071f600000, 0x000000071f600000, 0x000000071f800000|  0%| F|  |TAMS 0x000000071f600000, 0x000000071f600000| Untracked 
| 252|0x000000071f800000, 0x000000071f800000, 0x000000071fa00000|  0%| F|  |TAMS 0x000000071f800000, 0x000000071f800000| Untracked 
| 253|0x000000071fa00000, 0x000000071fa00000, 0x000000071fc00000|  0%| F|  |TAMS 0x000000071fa00000, 0x000000071fa00000| Untracked 
| 254|0x000000071fc00000, 0x000000071fc00000, 0x000000071fe00000|  0%| F|  |TAMS 0x000000071fc00000, 0x000000071fc00000| Untracked 
| 255|0x000000071fe00000, 0x000000071fe00000, 0x0000000720000000|  0%| F|  |TAMS 0x000000071fe00000, 0x000000071fe00000| Untracked 
| 256|0x0000000720000000, 0x0000000720000000, 0x0000000720200000|  0%| F|  |TAMS 0x0000000720000000, 0x0000000720000000| Untracked 
| 257|0x0000000720200000, 0x0000000720200000, 0x0000000720400000|  0%| F|  |TAMS 0x0000000720200000, 0x0000000720200000| Untracked 
| 258|0x0000000720400000, 0x0000000720400000, 0x0000000720600000|  0%| F|  |TAMS 0x0000000720400000, 0x0000000720400000| Untracked 
| 259|0x0000000720600000, 0x0000000720600000, 0x0000000720800000|  0%| F|  |TAMS 0x0000000720600000, 0x0000000720600000| Untracked 
| 260|0x0000000720800000, 0x0000000720800000, 0x0000000720a00000|  0%| F|  |TAMS 0x0000000720800000, 0x0000000720800000| Untracked 
| 261|0x0000000720a00000, 0x0000000720a00000, 0x0000000720c00000|  0%| F|  |TAMS 0x0000000720a00000, 0x0000000720a00000| Untracked 
| 262|0x0000000720c00000, 0x0000000720c00000, 0x0000000720e00000|  0%| F|  |TAMS 0x0000000720c00000, 0x0000000720c00000| Untracked 
| 263|0x0000000720e00000, 0x0000000720e00000, 0x0000000721000000|  0%| F|  |TAMS 0x0000000720e00000, 0x0000000720e00000| Untracked 
| 264|0x0000000721000000, 0x0000000721000000, 0x0000000721200000|  0%| F|  |TAMS 0x0000000721000000, 0x0000000721000000| Untracked 
| 265|0x0000000721200000, 0x0000000721200000, 0x0000000721400000|  0%| F|  |TAMS 0x0000000721200000, 0x0000000721200000| Untracked 
| 266|0x0000000721400000, 0x0000000721400000, 0x0000000721600000|  0%| F|  |TAMS 0x0000000721400000, 0x0000000721400000| Untracked 
| 267|0x0000000721600000, 0x0000000721600000, 0x0000000721800000|  0%| F|  |TAMS 0x0000000721600000, 0x0000000721600000| Untracked 
| 268|0x0000000721800000, 0x0000000721800000, 0x0000000721a00000|  0%| F|  |TAMS 0x0000000721800000, 0x0000000721800000| Untracked 
| 269|0x0000000721a00000, 0x0000000721a00000, 0x0000000721c00000|  0%| F|  |TAMS 0x0000000721a00000, 0x0000000721a00000| Untracked 
| 270|0x0000000721c00000, 0x0000000721c00000, 0x0000000721e00000|  0%| F|  |TAMS 0x0000000721c00000, 0x0000000721c00000| Untracked 
| 271|0x0000000721e00000, 0x0000000721e00000, 0x0000000722000000|  0%| F|  |TAMS 0x0000000721e00000, 0x0000000721e00000| Untracked 
| 272|0x0000000722000000, 0x0000000722000000, 0x0000000722200000|  0%| F|  |TAMS 0x0000000722000000, 0x0000000722000000| Untracked 
| 273|0x0000000722200000, 0x0000000722200000, 0x0000000722400000|  0%| F|  |TAMS 0x0000000722200000, 0x0000000722200000| Untracked 
| 274|0x0000000722400000, 0x0000000722400000, 0x0000000722600000|  0%| F|  |TAMS 0x0000000722400000, 0x0000000722400000| Untracked 
| 275|0x0000000722600000, 0x0000000722800000, 0x0000000722800000|100%| S|CS|TAMS 0x0000000722600000, 0x0000000722600000| Complete 
| 276|0x0000000722800000, 0x0000000722a00000, 0x0000000722a00000|100%| S|CS|TAMS 0x0000000722800000, 0x0000000722800000| Complete 
| 277|0x0000000722a00000, 0x0000000722c00000, 0x0000000722c00000|100%| S|CS|TAMS 0x0000000722a00000, 0x0000000722a00000| Complete 
| 278|0x0000000722c00000, 0x0000000722e00000, 0x0000000722e00000|100%| S|CS|TAMS 0x0000000722c00000, 0x0000000722c00000| Complete 
| 279|0x0000000722e00000, 0x0000000723000000, 0x0000000723000000|100%| S|CS|TAMS 0x0000000722e00000, 0x0000000722e00000| Complete 
| 280|0x0000000723000000, 0x0000000723200000, 0x0000000723200000|100%| S|CS|TAMS 0x0000000723000000, 0x0000000723000000| Complete 
| 281|0x0000000723200000, 0x0000000723400000, 0x0000000723400000|100%| S|CS|TAMS 0x0000000723200000, 0x0000000723200000| Complete 
| 282|0x0000000723400000, 0x0000000723400000, 0x0000000723600000|  0%| F|  |TAMS 0x0000000723400000, 0x0000000723400000| Untracked 
| 283|0x0000000723600000, 0x0000000723600000, 0x0000000723800000|  0%| F|  |TAMS 0x0000000723600000, 0x0000000723600000| Untracked 
| 284|0x0000000723800000, 0x0000000723800000, 0x0000000723a00000|  0%| F|  |TAMS 0x0000000723800000, 0x0000000723800000| Untracked 
| 285|0x0000000723a00000, 0x0000000723a00000, 0x0000000723c00000|  0%| F|  |TAMS 0x0000000723a00000, 0x0000000723a00000| Untracked 
| 286|0x0000000723c00000, 0x0000000723c00000, 0x0000000723e00000|  0%| F|  |TAMS 0x0000000723c00000, 0x0000000723c00000| Untracked 
| 287|0x0000000723e00000, 0x0000000723e00000, 0x0000000724000000|  0%| F|  |TAMS 0x0000000723e00000, 0x0000000723e00000| Untracked 
| 288|0x0000000724000000, 0x0000000724000000, 0x0000000724200000|  0%| F|  |TAMS 0x0000000724000000, 0x0000000724000000| Untracked 
| 289|0x0000000724200000, 0x0000000724200000, 0x0000000724400000|  0%| F|  |TAMS 0x0000000724200000, 0x0000000724200000| Untracked 
| 290|0x0000000724400000, 0x0000000724400000, 0x0000000724600000|  0%| F|  |TAMS 0x0000000724400000, 0x0000000724400000| Untracked 
| 291|0x0000000724600000, 0x0000000724600000, 0x0000000724800000|  0%| F|  |TAMS 0x0000000724600000, 0x0000000724600000| Untracked 
| 292|0x0000000724800000, 0x0000000724800000, 0x0000000724a00000|  0%| F|  |TAMS 0x0000000724800000, 0x0000000724800000| Untracked 
| 293|0x0000000724a00000, 0x0000000724a00000, 0x0000000724c00000|  0%| F|  |TAMS 0x0000000724a00000, 0x0000000724a00000| Untracked 
| 294|0x0000000724c00000, 0x0000000724c00000, 0x0000000724e00000|  0%| F|  |TAMS 0x0000000724c00000, 0x0000000724c00000| Untracked 
| 295|0x0000000724e00000, 0x0000000724e00000, 0x0000000725000000|  0%| F|  |TAMS 0x0000000724e00000, 0x0000000724e00000| Untracked 
| 296|0x0000000725000000, 0x0000000725000000, 0x0000000725200000|  0%| F|  |TAMS 0x0000000725000000, 0x0000000725000000| Untracked 
| 297|0x0000000725200000, 0x0000000725200000, 0x0000000725400000|  0%| F|  |TAMS 0x0000000725200000, 0x0000000725200000| Untracked 
| 298|0x0000000725400000, 0x0000000725400000, 0x0000000725600000|  0%| F|  |TAMS 0x0000000725400000, 0x0000000725400000| Untracked 
| 299|0x0000000725600000, 0x0000000725600000, 0x0000000725800000|  0%| F|  |TAMS 0x0000000725600000, 0x0000000725600000| Untracked 
| 300|0x0000000725800000, 0x0000000725800000, 0x0000000725a00000|  0%| F|  |TAMS 0x0000000725800000, 0x0000000725800000| Untracked 
| 301|0x0000000725a00000, 0x0000000725c00000, 0x0000000725c00000|100%| S|CS|TAMS 0x0000000725a00000, 0x0000000725a00000| Complete 
| 302|0x0000000725c00000, 0x0000000725e00000, 0x0000000725e00000|100%| S|CS|TAMS 0x0000000725c00000, 0x0000000725c00000| Complete 
| 303|0x0000000725e00000, 0x0000000726000000, 0x0000000726000000|100%| S|CS|TAMS 0x0000000725e00000, 0x0000000725e00000| Complete 
| 304|0x0000000726000000, 0x0000000726200000, 0x0000000726200000|100%| S|CS|TAMS 0x0000000726000000, 0x0000000726000000| Complete 
| 305|0x0000000726200000, 0x0000000726400000, 0x0000000726400000|100%| S|CS|TAMS 0x0000000726200000, 0x0000000726200000| Complete 
| 306|0x0000000726400000, 0x0000000726600000, 0x0000000726600000|100%| S|CS|TAMS 0x0000000726400000, 0x0000000726400000| Complete 
| 307|0x0000000726600000, 0x0000000726800000, 0x0000000726800000|100%| S|CS|TAMS 0x0000000726600000, 0x0000000726600000| Complete 
| 308|0x0000000726800000, 0x0000000726a00000, 0x0000000726a00000|100%| S|CS|TAMS 0x0000000726800000, 0x0000000726800000| Complete 
| 309|0x0000000726a00000, 0x0000000726c00000, 0x0000000726c00000|100%| S|CS|TAMS 0x0000000726a00000, 0x0000000726a00000| Complete 
| 310|0x0000000726c00000, 0x0000000726e00000, 0x0000000726e00000|100%| S|CS|TAMS 0x0000000726c00000, 0x0000000726c00000| Complete 
| 311|0x0000000726e00000, 0x0000000727000000, 0x0000000727000000|100%| S|CS|TAMS 0x0000000726e00000, 0x0000000726e00000| Complete 
| 312|0x0000000727000000, 0x0000000727000000, 0x0000000727200000|  0%| F|  |TAMS 0x0000000727000000, 0x0000000727000000| Untracked 
| 313|0x0000000727200000, 0x0000000727200000, 0x0000000727400000|  0%| F|  |TAMS 0x0000000727200000, 0x0000000727200000| Untracked 
| 314|0x0000000727400000, 0x0000000727400000, 0x0000000727600000|  0%| F|  |TAMS 0x0000000727400000, 0x0000000727400000| Untracked 
| 315|0x0000000727600000, 0x0000000727600000, 0x0000000727800000|  0%| F|  |TAMS 0x0000000727600000, 0x0000000727600000| Untracked 
| 316|0x0000000727800000, 0x0000000727800000, 0x0000000727a00000|  0%| F|  |TAMS 0x0000000727800000, 0x0000000727800000| Untracked 
| 317|0x0000000727a00000, 0x0000000727a00000, 0x0000000727c00000|  0%| F|  |TAMS 0x0000000727a00000, 0x0000000727a00000| Untracked 
| 318|0x0000000727c00000, 0x0000000727c00000, 0x0000000727e00000|  0%| F|  |TAMS 0x0000000727c00000, 0x0000000727c00000| Untracked 
| 319|0x0000000727e00000, 0x0000000727e00000, 0x0000000728000000|  0%| F|  |TAMS 0x0000000727e00000, 0x0000000727e00000| Untracked 
| 320|0x0000000728000000, 0x0000000728000000, 0x0000000728200000|  0%| F|  |TAMS 0x0000000728000000, 0x0000000728000000| Untracked 
| 321|0x0000000728200000, 0x0000000728200000, 0x0000000728400000|  0%| F|  |TAMS 0x0000000728200000, 0x0000000728200000| Untracked 
| 322|0x0000000728400000, 0x0000000728400000, 0x0000000728600000|  0%| F|  |TAMS 0x0000000728400000, 0x0000000728400000| Untracked 
| 323|0x0000000728600000, 0x0000000728600000, 0x0000000728800000|  0%| F|  |TAMS 0x0000000728600000, 0x0000000728600000| Untracked 
| 324|0x0000000728800000, 0x0000000728800000, 0x0000000728a00000|  0%| F|  |TAMS 0x0000000728800000, 0x0000000728800000| Untracked 
| 325|0x0000000728a00000, 0x0000000728a00000, 0x0000000728c00000|  0%| F|  |TAMS 0x0000000728a00000, 0x0000000728a00000| Untracked 
| 326|0x0000000728c00000, 0x0000000728c00000, 0x0000000728e00000|  0%| F|  |TAMS 0x0000000728c00000, 0x0000000728c00000| Untracked 
| 327|0x0000000728e00000, 0x0000000728e00000, 0x0000000729000000|  0%| F|  |TAMS 0x0000000728e00000, 0x0000000728e00000| Untracked 
| 328|0x0000000729000000, 0x0000000729000000, 0x0000000729200000|  0%| F|  |TAMS 0x0000000729000000, 0x0000000729000000| Untracked 
| 329|0x0000000729200000, 0x0000000729200000, 0x0000000729400000|  0%| F|  |TAMS 0x0000000729200000, 0x0000000729200000| Untracked 
| 330|0x0000000729400000, 0x0000000729400000, 0x0000000729600000|  0%| F|  |TAMS 0x0000000729400000, 0x0000000729400000| Untracked 
| 331|0x0000000729600000, 0x0000000729600000, 0x0000000729800000|  0%| F|  |TAMS 0x0000000729600000, 0x0000000729600000| Untracked 
| 332|0x0000000729800000, 0x0000000729800000, 0x0000000729a00000|  0%| F|  |TAMS 0x0000000729800000, 0x0000000729800000| Untracked 
| 333|0x0000000729a00000, 0x0000000729a00000, 0x0000000729c00000|  0%| F|  |TAMS 0x0000000729a00000, 0x0000000729a00000| Untracked 
| 334|0x0000000729c00000, 0x0000000729c00000, 0x0000000729e00000|  0%| F|  |TAMS 0x0000000729c00000, 0x0000000729c00000| Untracked 
| 335|0x0000000729e00000, 0x0000000729e00000, 0x000000072a000000|  0%| F|  |TAMS 0x0000000729e00000, 0x0000000729e00000| Untracked 
| 336|0x000000072a000000, 0x000000072a000000, 0x000000072a200000|  0%| F|  |TAMS 0x000000072a000000, 0x000000072a000000| Untracked 
| 337|0x000000072a200000, 0x000000072a200000, 0x000000072a400000|  0%| F|  |TAMS 0x000000072a200000, 0x000000072a200000| Untracked 
| 338|0x000000072a400000, 0x000000072a400000, 0x000000072a600000|  0%| F|  |TAMS 0x000000072a400000, 0x000000072a400000| Untracked 
| 339|0x000000072a600000, 0x000000072a600000, 0x000000072a800000|  0%| F|  |TAMS 0x000000072a600000, 0x000000072a600000| Untracked 
| 340|0x000000072a800000, 0x000000072a800000, 0x000000072aa00000|  0%| F|  |TAMS 0x000000072a800000, 0x000000072a800000| Untracked 
| 341|0x000000072aa00000, 0x000000072aa00000, 0x000000072ac00000|  0%| F|  |TAMS 0x000000072aa00000, 0x000000072aa00000| Untracked 
| 342|0x000000072ac00000, 0x000000072ac00000, 0x000000072ae00000|  0%| F|  |TAMS 0x000000072ac00000, 0x000000072ac00000| Untracked 
| 343|0x000000072ae00000, 0x000000072ae00000, 0x000000072b000000|  0%| F|  |TAMS 0x000000072ae00000, 0x000000072ae00000| Untracked 
| 344|0x000000072b000000, 0x000000072b000000, 0x000000072b200000|  0%| F|  |TAMS 0x000000072b000000, 0x000000072b000000| Untracked 
| 345|0x000000072b200000, 0x000000072b200000, 0x000000072b400000|  0%| F|  |TAMS 0x000000072b200000, 0x000000072b200000| Untracked 
| 346|0x000000072b400000, 0x000000072b400000, 0x000000072b600000|  0%| F|  |TAMS 0x000000072b400000, 0x000000072b400000| Untracked 
| 347|0x000000072b600000, 0x000000072b600000, 0x000000072b800000|  0%| F|  |TAMS 0x000000072b600000, 0x000000072b600000| Untracked 
| 348|0x000000072b800000, 0x000000072b800000, 0x000000072ba00000|  0%| F|  |TAMS 0x000000072b800000, 0x000000072b800000| Untracked 
| 349|0x000000072ba00000, 0x000000072ba00000, 0x000000072bc00000|  0%| F|  |TAMS 0x000000072ba00000, 0x000000072ba00000| Untracked 
| 350|0x000000072bc00000, 0x000000072bc00000, 0x000000072be00000|  0%| F|  |TAMS 0x000000072bc00000, 0x000000072bc00000| Untracked 
| 351|0x000000072be00000, 0x000000072be00000, 0x000000072c000000|  0%| F|  |TAMS 0x000000072be00000, 0x000000072be00000| Untracked 
| 352|0x000000072c000000, 0x000000072c000000, 0x000000072c200000|  0%| F|  |TAMS 0x000000072c000000, 0x000000072c000000| Untracked 
| 353|0x000000072c200000, 0x000000072c200000, 0x000000072c400000|  0%| F|  |TAMS 0x000000072c200000, 0x000000072c200000| Untracked 
| 354|0x000000072c400000, 0x000000072c400000, 0x000000072c600000|  0%| F|  |TAMS 0x000000072c400000, 0x000000072c400000| Untracked 
| 355|0x000000072c600000, 0x000000072c600000, 0x000000072c800000|  0%| F|  |TAMS 0x000000072c600000, 0x000000072c600000| Untracked 
| 356|0x000000072c800000, 0x000000072c800000, 0x000000072ca00000|  0%| F|  |TAMS 0x000000072c800000, 0x000000072c800000| Untracked 
| 357|0x000000072ca00000, 0x000000072ca00000, 0x000000072cc00000|  0%| F|  |TAMS 0x000000072ca00000, 0x000000072ca00000| Untracked 
| 358|0x000000072cc00000, 0x000000072cc00000, 0x000000072ce00000|  0%| F|  |TAMS 0x000000072cc00000, 0x000000072cc00000| Untracked 
| 359|0x000000072ce00000, 0x000000072ce00000, 0x000000072d000000|  0%| F|  |TAMS 0x000000072ce00000, 0x000000072ce00000| Untracked 
| 360|0x000000072d000000, 0x000000072d000000, 0x000000072d200000|  0%| F|  |TAMS 0x000000072d000000, 0x000000072d000000| Untracked 
| 361|0x000000072d200000, 0x000000072d200000, 0x000000072d400000|  0%| F|  |TAMS 0x000000072d200000, 0x000000072d200000| Untracked 
| 362|0x000000072d400000, 0x000000072d400000, 0x000000072d600000|  0%| F|  |TAMS 0x000000072d400000, 0x000000072d400000| Untracked 
| 363|0x000000072d600000, 0x000000072d600000, 0x000000072d800000|  0%| F|  |TAMS 0x000000072d600000, 0x000000072d600000| Untracked 
| 364|0x000000072d800000, 0x000000072d800000, 0x000000072da00000|  0%| F|  |TAMS 0x000000072d800000, 0x000000072d800000| Untracked 
| 365|0x000000072da00000, 0x000000072da00000, 0x000000072dc00000|  0%| F|  |TAMS 0x000000072da00000, 0x000000072da00000| Untracked 
| 366|0x000000072dc00000, 0x000000072dc00000, 0x000000072de00000|  0%| F|  |TAMS 0x000000072dc00000, 0x000000072dc00000| Untracked 
| 367|0x000000072de00000, 0x000000072de00000, 0x000000072e000000|  0%| F|  |TAMS 0x000000072de00000, 0x000000072de00000| Untracked 
| 368|0x000000072e000000, 0x000000072e000000, 0x000000072e200000|  0%| F|  |TAMS 0x000000072e000000, 0x000000072e000000| Untracked 
| 369|0x000000072e200000, 0x000000072e200000, 0x000000072e400000|  0%| F|  |TAMS 0x000000072e200000, 0x000000072e200000| Untracked 
| 370|0x000000072e400000, 0x000000072e400000, 0x000000072e600000|  0%| F|  |TAMS 0x000000072e400000, 0x000000072e400000| Untracked 
| 371|0x000000072e600000, 0x000000072e600000, 0x000000072e800000|  0%| F|  |TAMS 0x000000072e600000, 0x000000072e600000| Untracked 
| 372|0x000000072e800000, 0x000000072e800000, 0x000000072ea00000|  0%| F|  |TAMS 0x000000072e800000, 0x000000072e800000| Untracked 
| 373|0x000000072ea00000, 0x000000072ea00000, 0x000000072ec00000|  0%| F|  |TAMS 0x000000072ea00000, 0x000000072ea00000| Untracked 
| 374|0x000000072ec00000, 0x000000072ec00000, 0x000000072ee00000|  0%| F|  |TAMS 0x000000072ec00000, 0x000000072ec00000| Untracked 
| 375|0x000000072ee00000, 0x000000072ee00000, 0x000000072f000000|  0%| F|  |TAMS 0x000000072ee00000, 0x000000072ee00000| Untracked 
| 376|0x000000072f000000, 0x000000072f000000, 0x000000072f200000|  0%| F|  |TAMS 0x000000072f000000, 0x000000072f000000| Untracked 
| 377|0x000000072f200000, 0x000000072f200000, 0x000000072f400000|  0%| F|  |TAMS 0x000000072f200000, 0x000000072f200000| Untracked 
| 378|0x000000072f400000, 0x000000072f400000, 0x000000072f600000|  0%| F|  |TAMS 0x000000072f400000, 0x000000072f400000| Untracked 
| 379|0x000000072f600000, 0x000000072f600000, 0x000000072f800000|  0%| F|  |TAMS 0x000000072f600000, 0x000000072f600000| Untracked 
| 380|0x000000072f800000, 0x000000072f800000, 0x000000072fa00000|  0%| F|  |TAMS 0x000000072f800000, 0x000000072f800000| Untracked 
| 381|0x000000072fa00000, 0x000000072fa00000, 0x000000072fc00000|  0%| F|  |TAMS 0x000000072fa00000, 0x000000072fa00000| Untracked 
| 382|0x000000072fc00000, 0x000000072fc00000, 0x000000072fe00000|  0%| F|  |TAMS 0x000000072fc00000, 0x000000072fc00000| Untracked 
| 383|0x000000072fe00000, 0x000000072fe00000, 0x0000000730000000|  0%| F|  |TAMS 0x000000072fe00000, 0x000000072fe00000| Untracked 
| 384|0x0000000730000000, 0x0000000730000000, 0x0000000730200000|  0%| F|  |TAMS 0x0000000730000000, 0x0000000730000000| Untracked 
| 385|0x0000000730200000, 0x0000000730200000, 0x0000000730400000|  0%| F|  |TAMS 0x0000000730200000, 0x0000000730200000| Untracked 
| 386|0x0000000730400000, 0x0000000730400000, 0x0000000730600000|  0%| F|  |TAMS 0x0000000730400000, 0x0000000730400000| Untracked 
| 387|0x0000000730600000, 0x0000000730600000, 0x0000000730800000|  0%| F|  |TAMS 0x0000000730600000, 0x0000000730600000| Untracked 
| 388|0x0000000730800000, 0x0000000730800000, 0x0000000730a00000|  0%| F|  |TAMS 0x0000000730800000, 0x0000000730800000| Untracked 
| 389|0x0000000730a00000, 0x0000000730a00000, 0x0000000730c00000|  0%| F|  |TAMS 0x0000000730a00000, 0x0000000730a00000| Untracked 
| 390|0x0000000730c00000, 0x0000000730c00000, 0x0000000730e00000|  0%| F|  |TAMS 0x0000000730c00000, 0x0000000730c00000| Untracked 
| 391|0x0000000730e00000, 0x0000000730e00000, 0x0000000731000000|  0%| F|  |TAMS 0x0000000730e00000, 0x0000000730e00000| Untracked 
| 392|0x0000000731000000, 0x0000000731000000, 0x0000000731200000|  0%| F|  |TAMS 0x0000000731000000, 0x0000000731000000| Untracked 
| 393|0x0000000731200000, 0x0000000731200000, 0x0000000731400000|  0%| F|  |TAMS 0x0000000731200000, 0x0000000731200000| Untracked 
| 394|0x0000000731400000, 0x0000000731400000, 0x0000000731600000|  0%| F|  |TAMS 0x0000000731400000, 0x0000000731400000| Untracked 
| 395|0x0000000731600000, 0x0000000731600000, 0x0000000731800000|  0%| F|  |TAMS 0x0000000731600000, 0x0000000731600000| Untracked 
| 396|0x0000000731800000, 0x0000000731800000, 0x0000000731a00000|  0%| F|  |TAMS 0x0000000731800000, 0x0000000731800000| Untracked 
| 397|0x0000000731a00000, 0x0000000731a00000, 0x0000000731c00000|  0%| F|  |TAMS 0x0000000731a00000, 0x0000000731a00000| Untracked 
| 398|0x0000000731c00000, 0x0000000731c00000, 0x0000000731e00000|  0%| F|  |TAMS 0x0000000731c00000, 0x0000000731c00000| Untracked 
| 399|0x0000000731e00000, 0x0000000731e00000, 0x0000000732000000|  0%| F|  |TAMS 0x0000000731e00000, 0x0000000731e00000| Untracked 
| 400|0x0000000732000000, 0x0000000732000000, 0x0000000732200000|  0%| F|  |TAMS 0x0000000732000000, 0x0000000732000000| Untracked 
| 401|0x0000000732200000, 0x0000000732200000, 0x0000000732400000|  0%| F|  |TAMS 0x0000000732200000, 0x0000000732200000| Untracked 
| 402|0x0000000732400000, 0x0000000732400000, 0x0000000732600000|  0%| F|  |TAMS 0x0000000732400000, 0x0000000732400000| Untracked 
| 403|0x0000000732600000, 0x0000000732600000, 0x0000000732800000|  0%| F|  |TAMS 0x0000000732600000, 0x0000000732600000| Untracked 
| 404|0x0000000732800000, 0x0000000732800000, 0x0000000732a00000|  0%| F|  |TAMS 0x0000000732800000, 0x0000000732800000| Untracked 
| 405|0x0000000732a00000, 0x0000000732a00000, 0x0000000732c00000|  0%| F|  |TAMS 0x0000000732a00000, 0x0000000732a00000| Untracked 
| 406|0x0000000732c00000, 0x0000000732c00000, 0x0000000732e00000|  0%| F|  |TAMS 0x0000000732c00000, 0x0000000732c00000| Untracked 
| 407|0x0000000732e00000, 0x0000000732e00000, 0x0000000733000000|  0%| F|  |TAMS 0x0000000732e00000, 0x0000000732e00000| Untracked 
| 408|0x0000000733000000, 0x0000000733000000, 0x0000000733200000|  0%| F|  |TAMS 0x0000000733000000, 0x0000000733000000| Untracked 
| 409|0x0000000733200000, 0x0000000733200000, 0x0000000733400000|  0%| F|  |TAMS 0x0000000733200000, 0x0000000733200000| Untracked 
| 410|0x0000000733400000, 0x0000000733400000, 0x0000000733600000|  0%| F|  |TAMS 0x0000000733400000, 0x0000000733400000| Untracked 
| 411|0x0000000733600000, 0x0000000733600000, 0x0000000733800000|  0%| F|  |TAMS 0x0000000733600000, 0x0000000733600000| Untracked 
| 412|0x0000000733800000, 0x0000000733800000, 0x0000000733a00000|  0%| F|  |TAMS 0x0000000733800000, 0x0000000733800000| Untracked 
| 413|0x0000000733a00000, 0x0000000733a00000, 0x0000000733c00000|  0%| F|  |TAMS 0x0000000733a00000, 0x0000000733a00000| Untracked 
| 414|0x0000000733c00000, 0x0000000733c00000, 0x0000000733e00000|  0%| F|  |TAMS 0x0000000733c00000, 0x0000000733c00000| Untracked 
| 415|0x0000000733e00000, 0x0000000733e00000, 0x0000000734000000|  0%| F|  |TAMS 0x0000000733e00000, 0x0000000733e00000| Untracked 
| 416|0x0000000734000000, 0x0000000734000000, 0x0000000734200000|  0%| F|  |TAMS 0x0000000734000000, 0x0000000734000000| Untracked 
| 417|0x0000000734200000, 0x0000000734200000, 0x0000000734400000|  0%| F|  |TAMS 0x0000000734200000, 0x0000000734200000| Untracked 
| 418|0x0000000734400000, 0x0000000734400000, 0x0000000734600000|  0%| F|  |TAMS 0x0000000734400000, 0x0000000734400000| Untracked 
| 419|0x0000000734600000, 0x0000000734600000, 0x0000000734800000|  0%| F|  |TAMS 0x0000000734600000, 0x0000000734600000| Untracked 
| 420|0x0000000734800000, 0x0000000734800000, 0x0000000734a00000|  0%| F|  |TAMS 0x0000000734800000, 0x0000000734800000| Untracked 
| 421|0x0000000734a00000, 0x0000000734a00000, 0x0000000734c00000|  0%| F|  |TAMS 0x0000000734a00000, 0x0000000734a00000| Untracked 
| 422|0x0000000734c00000, 0x0000000734c00000, 0x0000000734e00000|  0%| F|  |TAMS 0x0000000734c00000, 0x0000000734c00000| Untracked 
| 423|0x0000000734e00000, 0x0000000734e00000, 0x0000000735000000|  0%| F|  |TAMS 0x0000000734e00000, 0x0000000734e00000| Untracked 
| 424|0x0000000735000000, 0x0000000735000000, 0x0000000735200000|  0%| F|  |TAMS 0x0000000735000000, 0x0000000735000000| Untracked 
| 688|0x0000000756000000, 0x0000000756000000, 0x0000000756200000|  0%| F|  |TAMS 0x0000000756000000, 0x0000000756000000| Untracked 
| 689|0x0000000756200000, 0x0000000756200000, 0x0000000756400000|  0%| F|  |TAMS 0x0000000756200000, 0x0000000756200000| Untracked 
| 690|0x0000000756400000, 0x0000000756400000, 0x0000000756600000|  0%| F|  |TAMS 0x0000000756400000, 0x0000000756400000| Untracked 
| 691|0x0000000756600000, 0x0000000756600000, 0x0000000756800000|  0%| F|  |TAMS 0x0000000756600000, 0x0000000756600000| Untracked 
| 692|0x0000000756800000, 0x0000000756800000, 0x0000000756a00000|  0%| F|  |TAMS 0x0000000756800000, 0x0000000756800000| Untracked 
| 693|0x0000000756a00000, 0x0000000756c00000, 0x0000000756c00000|100%| E|  |TAMS 0x0000000756a00000, 0x0000000756a00000| Complete 
| 694|0x0000000756c00000, 0x0000000756e00000, 0x0000000756e00000|100%| E|CS|TAMS 0x0000000756c00000, 0x0000000756c00000| Complete 
| 695|0x0000000756e00000, 0x0000000757000000, 0x0000000757000000|100%| E|CS|TAMS 0x0000000756e00000, 0x0000000756e00000| Complete 
| 696|0x0000000757000000, 0x0000000757200000, 0x0000000757200000|100%| E|CS|TAMS 0x0000000757000000, 0x0000000757000000| Complete 

Card table byte_map: [0x000001d263d20000,0x000001d264520000] _byte_map_base: 0x000001d260520000

Marking Bits (Prev, Next): (CMBitMap*) 0x000001d24cbb9d60, (CMBitMap*) 0x000001d24cbb9da0
 Prev Bits: [0x000001d264d20000, 0x000001d268d20000)
 Next Bits: [0x000001d268d20000, 0x000001d26cd20000)

Polling page: 0x000001d24c320000

Metaspace:

Usage:
  Non-class:     67.13 MB used.
      Class:     10.58 MB used.
       Both:     77.71 MB used.

Virtual space:
  Non-class space:      128.00 MB reserved,      67.56 MB ( 53%) committed,  2 nodes.
      Class space:        1.00 GB reserved,      10.94 MB (  1%) committed,  1 nodes.
             Both:        1.12 GB reserved,      78.50 MB (  7%) committed. 

Chunk freelists:
   Non-Class:  12.34 MB
       Class:  5.06 MB
        Both:  17.41 MB

MaxMetaspaceSize: unlimited
CompressedClassSpaceSize: 1.00 GB
Initial GC threshold: 21.00 MB
Current GC threshold: 127.19 MB
CDS: on
MetaspaceReclaimPolicy: balanced
 - commit_granule_bytes: 65536.
 - commit_granule_words: 8192.
 - virtual_space_node_default_size: 8388608.
 - enlarge_chunks_in_place: 1.
 - new_chunks_are_fully_committed: 0.
 - uncommit_free_chunks: 1.
 - use_allocation_guard: 0.
 - handle_deallocations: 1.


Internal statistics:

num_allocs_failed_limit: 6.
num_arena_births: 914.
num_arena_deaths: 2.
num_vsnodes_births: 3.
num_vsnodes_deaths: 0.
num_space_committed: 1256.
num_space_uncommitted: 0.
num_chunks_returned_to_freelist: 8.
num_chunks_taken_from_freelist: 4147.
num_chunk_merges: 6.
num_chunk_splits: 2635.
num_chunks_enlarged: 1639.
num_inconsistent_stats: 0.

CodeHeap 'non-profiled nmethods': size=120000Kb used=8323Kb max_used=8955Kb free=111676Kb
 bounds [0x000001d25bee0000, 0x000001d25c7a0000, 0x000001d263410000]
CodeHeap 'profiled nmethods': size=120000Kb used=20366Kb max_used=20506Kb free=99633Kb
 bounds [0x000001d254410000, 0x000001d255820000, 0x000001d25b940000]
CodeHeap 'non-nmethods': size=5760Kb used=2393Kb max_used=2448Kb free=3367Kb
 bounds [0x000001d25b940000, 0x000001d25bbb0000, 0x000001d25bee0000]
 total_blobs=11831 nmethods=10910 adapters=834
 compilation: enabled
              stopped_count=0, restarted_count=0
 full_count=0

Compilation events (20 events):
Event: 97.428 Thread 0x000001d26f562280 nmethod 13488 0x000001d25c346190 code [0x000001d25c346300, 0x000001d25c346558]
Event: 97.428 Thread 0x000001d26f562280 13515       4       com.sun.tools.javac.code.Symbol$TypeSymbol::formFullName (87 bytes)
Event: 97.435 Thread 0x000001d26f568150 13691       3       com.sun.tools.javac.comp.MemberEnter::signature (326 bytes)
Event: 97.438 Thread 0x000001d26f568150 nmethod 13691 0x000001d2556ec910 code [0x000001d2556ecd20, 0x000001d2556ef128]
Event: 97.438 Thread 0x000001d26f562280 nmethod 13515 0x000001d25bfaa990 code [0x000001d25bfaab60, 0x000001d25bfaafe8]
Event: 97.438 Thread 0x000001d26f562280 13507       4       com.sun.tools.javac.code.Symtab::enterClass (71 bytes)
Event: 97.467 Thread 0x000001d26f568150 13697       2       com.sun.tools.javac.code.Type$ArrayType::<init> (10 bytes)
Event: 97.468 Thread 0x000001d26f568150 nmethod 13697 0x000001d255681890 code [0x000001d255681a20, 0x000001d255681c78]
Event: 97.468 Thread 0x000001d26f568150 13698       2       com.sun.tools.javac.code.Type$ArrayType::<init> (12 bytes)
Event: 97.468 Thread 0x000001d26f568150 nmethod 13698 0x000001d255681110 code [0x000001d2556812c0, 0x000001d2556815e8]
Event: 97.492 Thread 0x000001d26f568150 13699   !   3       com.sun.tools.javac.comp.TypeEnter$Phase::doCompleteEnvs (247 bytes)
Event: 97.651 Thread 0x000001d26f568150 nmethod 13699 0x000001d2556e9990 code [0x000001d2556e9d00, 0x000001d2556ebce8]
Event: 97.705 Thread 0x000001d26f568150 13701   !   3       com.sun.tools.javac.comp.TypeEnter$Phase::completeEnvs (137 bytes)
Event: 97.706 Thread 0x000001d26f568150 nmethod 13701 0x000001d254cc2c90 code [0x000001d254cc2ec0, 0x000001d254cc3878]
Event: 97.706 Thread 0x000001d26f568150 13702   !   2       com.sun.tools.javac.comp.TypeEnter::finishImports (111 bytes)
Event: 97.707 Thread 0x000001d26f568150 nmethod 13702 0x000001d254cc1d90 code [0x000001d254cc1fe0, 0x000001d254cc2648]
Event: 97.707 Thread 0x000001d26f568150 13703       3       com.sun.tools.javac.jvm.ClassReader::readCompoundAnnotation (117 bytes)
Event: 97.710 Thread 0x000001d26f568150 nmethod 13703 0x000001d254cbfe10 code [0x000001d254cc0120, 0x000001d254cc1488]
Event: 97.718 Thread 0x000001d26f568150 13704       3       com.sun.tools.javac.util.Iterators$2::hasNext (13 bytes)
Event: 97.718 Thread 0x000001d26f568150 nmethod 13704 0x000001d2556e9610 code [0x000001d2556e97a0, 0x000001d2556e9918]

GC Heap History (20 events):
Event: 64.615 GC heap before
{Heap before GC invocations=53 (full 0):
 garbage-first heap   total 720896K, used 493680K [0x0000000700000000, 0x0000000800000000)
  region size 2048K, 120 young (245760K), 17 survivors (34816K)
 Metaspace       used 76946K, committed 77824K, reserved 1179648K
  class space    used 10555K, committed 10944K, reserved 1048576K
}
Event: 64.701 GC heap after
{Heap after GC invocations=54 (full 0):
 garbage-first heap   total 720896K, used 331603K [0x0000000700000000, 0x0000000800000000)
  region size 2048K, 15 young (30720K), 15 survivors (30720K)
 Metaspace       used 76946K, committed 77824K, reserved 1179648K
  class space    used 10555K, committed 10944K, reserved 1048576K
}
Event: 66.404 GC heap before
{Heap before GC invocations=54 (full 0):
 garbage-first heap   total 720896K, used 489299K [0x0000000700000000, 0x0000000800000000)
  region size 2048K, 88 young (180224K), 15 survivors (30720K)
 Metaspace       used 77274K, committed 78144K, reserved 1179648K
  class space    used 10588K, committed 11008K, reserved 1048576K
}
Event: 66.466 GC heap after
{Heap after GC invocations=55 (full 0):
 garbage-first heap   total 720896K, used 362323K [0x0000000700000000, 0x0000000800000000)
  region size 2048K, 14 young (28672K), 14 survivors (28672K)
 Metaspace       used 77274K, committed 78144K, reserved 1179648K
  class space    used 10588K, committed 11008K, reserved 1048576K
}
Event: 81.518 GC heap before
{Heap before GC invocations=56 (full 0):
 garbage-first heap   total 735232K, used 620371K [0x0000000700000000, 0x0000000800000000)
  region size 2048K, 102 young (208896K), 14 survivors (28672K)
 Metaspace       used 77303K, committed 78144K, reserved 1179648K
  class space    used 10588K, committed 11008K, reserved 1048576K
}
Event: 81.561 GC heap after
{Heap after GC invocations=57 (full 0):
 garbage-first heap   total 735232K, used 379579K [0x0000000700000000, 0x0000000800000000)
  region size 2048K, 12 young (24576K), 12 survivors (24576K)
 Metaspace       used 77303K, committed 78144K, reserved 1179648K
  class space    used 10588K, committed 11008K, reserved 1048576K
}
Event: 81.631 GC heap before
{Heap before GC invocations=57 (full 0):
 garbage-first heap   total 735232K, used 389819K [0x0000000700000000, 0x0000000800000000)
  region size 2048K, 17 young (34816K), 12 survivors (24576K)
 Metaspace       used 77303K, committed 78144K, reserved 1179648K
  class space    used 10588K, committed 11008K, reserved 1048576K
}
Event: 81.663 GC heap after
{Heap after GC invocations=58 (full 0):
 garbage-first heap   total 735232K, used 360764K [0x0000000700000000, 0x0000000800000000)
  region size 2048K, 3 young (6144K), 3 survivors (6144K)
 Metaspace       used 77303K, committed 78144K, reserved 1179648K
  class space    used 10588K, committed 11008K, reserved 1048576K
}
Event: 82.802 GC heap before
{Heap before GC invocations=58 (full 0):
 garbage-first heap   total 735232K, used 559420K [0x0000000700000000, 0x0000000800000000)
  region size 2048K, 100 young (204800K), 3 survivors (6144K)
 Metaspace       used 77303K, committed 78144K, reserved 1179648K
  class space    used 10588K, committed 11008K, reserved 1048576K
}
Event: 82.867 GC heap after
{Heap after GC invocations=59 (full 0):
 garbage-first heap   total 1427456K, used 406193K [0x0000000700000000, 0x0000000800000000)
  region size 2048K, 13 young (26624K), 13 survivors (26624K)
 Metaspace       used 77303K, committed 78144K, reserved 1179648K
  class space    used 10588K, committed 11008K, reserved 1048576K
}
Event: 85.644 GC heap before
{Heap before GC invocations=60 (full 0):
 garbage-first heap   total 888832K, used 713393K [0x0000000700000000, 0x0000000800000000)
  region size 2048K, 239 young (489472K), 13 survivors (26624K)
 Metaspace       used 77305K, committed 78144K, reserved 1179648K
  class space    used 10588K, committed 11008K, reserved 1048576K
}
Event: 85.777 GC heap after
{Heap after GC invocations=61 (full 0):
 garbage-first heap   total 888832K, used 357041K [0x0000000700000000, 0x0000000800000000)
  region size 2048K, 33 young (67584K), 33 survivors (67584K)
 Metaspace       used 77305K, committed 78144K, reserved 1179648K
  class space    used 10588K, committed 11008K, reserved 1048576K
}
Event: 85.848 GC heap before
{Heap before GC invocations=61 (full 0):
 garbage-first heap   total 888832K, used 359089K [0x0000000700000000, 0x0000000800000000)
  region size 2048K, 34 young (69632K), 33 survivors (67584K)
 Metaspace       used 77305K, committed 78144K, reserved 1179648K
  class space    used 10588K, committed 11008K, reserved 1048576K
}
Event: 85.925 GC heap after
{Heap after GC invocations=62 (full 0):
 garbage-first heap   total 888832K, used 308913K [0x0000000700000000, 0x0000000800000000)
  region size 2048K, 3 young (6144K), 3 survivors (6144K)
 Metaspace       used 77305K, committed 78144K, reserved 1179648K
  class space    used 10588K, committed 11008K, reserved 1048576K
}
Event: 88.621 GC heap before
{Heap before GC invocations=62 (full 0):
 garbage-first heap   total 888832K, used 614065K [0x0000000700000000, 0x0000000800000000)
  region size 2048K, 152 young (311296K), 3 survivors (6144K)
 Metaspace       used 77305K, committed 78144K, reserved 1179648K
  class space    used 10588K, committed 11008K, reserved 1048576K
}
Event: 88.713 GC heap after
{Heap after GC invocations=63 (full 0):
 garbage-first heap   total 888832K, used 373425K [0x0000000700000000, 0x0000000800000000)
  region size 2048K, 19 young (38912K), 19 survivors (38912K)
 Metaspace       used 77305K, committed 78144K, reserved 1179648K
  class space    used 10588K, committed 11008K, reserved 1048576K
}
Event: 93.031 GC heap before
{Heap before GC invocations=63 (full 0):
 garbage-first heap   total 888832K, used 649905K [0x0000000700000000, 0x0000000800000000)
  region size 2048K, 152 young (311296K), 19 survivors (38912K)
 Metaspace       used 78344K, committed 79168K, reserved 1179648K
  class space    used 10744K, committed 11136K, reserved 1048576K
}
Event: 93.144 GC heap after
{Heap after GC invocations=64 (full 0):
 garbage-first heap   total 888832K, used 413361K [0x0000000700000000, 0x0000000800000000)
  region size 2048K, 19 young (38912K), 19 survivors (38912K)
 Metaspace       used 78344K, committed 79168K, reserved 1179648K
  class space    used 10744K, committed 11136K, reserved 1048576K
}
Event: 97.494 GC heap before
{Heap before GC invocations=64 (full 0):
 garbage-first heap   total 888832K, used 669361K [0x0000000700000000, 0x0000000800000000)
  region size 2048K, 141 young (288768K), 19 survivors (38912K)
 Metaspace       used 79394K, committed 80192K, reserved 1179648K
  class space    used 10818K, committed 11200K, reserved 1048576K
}
Event: 97.651 GC heap after
{Heap after GC invocations=65 (full 0):
 garbage-first heap   total 888832K, used 481969K [0x0000000700000000, 0x0000000800000000)
  region size 2048K, 18 young (36864K), 18 survivors (36864K)
 Metaspace       used 79394K, committed 80192K, reserved 1179648K
  class space    used 10818K, committed 11200K, reserved 1048576K
}

Deoptimization events (20 events):
Event: 95.918 Thread 0x000001d278e6cc70 Uncommon trap: trap_request=0xfffffff4 fr.pc=0x000001d25c3ea378 relative=0x0000000000000858
Event: 95.918 Thread 0x000001d278e6cc70 Uncommon trap: reason=null_check action=make_not_entrant pc=0x000001d25c3ea378 method=jdk.internal.jimage.ImageReader$SharedImageReader.findNode(Ljava/lang/String;)Ljdk/internal/jimage/ImageReader$Node; @ 13 c2
Event: 95.918 Thread 0x000001d278e6cc70 DEOPT PACKING pc=0x000001d25c3ea378 sp=0x00000051b4df7710
Event: 95.918 Thread 0x000001d278e6cc70 DEOPT UNPACKING pc=0x000001d25b9923a3 sp=0x00000051b4df7550 mode 2
Event: 97.024 Thread 0x000001d278e6cc70 Uncommon trap: trap_request=0xffffffc6 fr.pc=0x000001d25c348ba4 relative=0x00000000000002e4
Event: 97.024 Thread 0x000001d278e6cc70 Uncommon trap: reason=bimorphic_or_optimized_type_check action=maybe_recompile pc=0x000001d25c348ba4 method=com.sun.tools.javac.code.Scope$ScopeImpl.lookup(Lcom/sun/tools/javac/util/Name;Ljava/util/function/Predicate;)Lcom/sun/tools/javac/code/Scope$Entry
Event: 97.024 Thread 0x000001d278e6cc70 DEOPT PACKING pc=0x000001d25c348ba4 sp=0x00000051b4df77e0
Event: 97.024 Thread 0x000001d278e6cc70 DEOPT UNPACKING pc=0x000001d25b9923a3 sp=0x00000051b4df7788 mode 2
Event: 97.024 Thread 0x000001d278e6cc70 Uncommon trap: trap_request=0xffffffc6 fr.pc=0x000001d25c348ba4 relative=0x00000000000002e4
Event: 97.024 Thread 0x000001d278e6cc70 Uncommon trap: reason=bimorphic_or_optimized_type_check action=maybe_recompile pc=0x000001d25c348ba4 method=com.sun.tools.javac.code.Scope$ScopeImpl.lookup(Lcom/sun/tools/javac/util/Name;Ljava/util/function/Predicate;)Lcom/sun/tools/javac/code/Scope$Entry
Event: 97.024 Thread 0x000001d278e6cc70 DEOPT PACKING pc=0x000001d25c348ba4 sp=0x00000051b4df77e0
Event: 97.024 Thread 0x000001d278e6cc70 DEOPT UNPACKING pc=0x000001d25b9923a3 sp=0x00000051b4df7788 mode 2
Event: 97.024 Thread 0x000001d278e6cc70 Uncommon trap: trap_request=0xffffffc6 fr.pc=0x000001d25c348ba4 relative=0x00000000000002e4
Event: 97.024 Thread 0x000001d278e6cc70 Uncommon trap: reason=bimorphic_or_optimized_type_check action=maybe_recompile pc=0x000001d25c348ba4 method=com.sun.tools.javac.code.Scope$ScopeImpl.lookup(Lcom/sun/tools/javac/util/Name;Ljava/util/function/Predicate;)Lcom/sun/tools/javac/code/Scope$Entry
Event: 97.024 Thread 0x000001d278e6cc70 DEOPT PACKING pc=0x000001d25c348ba4 sp=0x00000051b4df77e0
Event: 97.024 Thread 0x000001d278e6cc70 DEOPT UNPACKING pc=0x000001d25b9923a3 sp=0x00000051b4df7788 mode 2
Event: 97.024 Thread 0x000001d278e6cc70 Uncommon trap: trap_request=0xffffffc6 fr.pc=0x000001d25c348ba4 relative=0x00000000000002e4
Event: 97.024 Thread 0x000001d278e6cc70 Uncommon trap: reason=bimorphic_or_optimized_type_check action=maybe_recompile pc=0x000001d25c348ba4 method=com.sun.tools.javac.code.Scope$ScopeImpl.lookup(Lcom/sun/tools/javac/util/Name;Ljava/util/function/Predicate;)Lcom/sun/tools/javac/code/Scope$Entry
Event: 97.024 Thread 0x000001d278e6cc70 DEOPT PACKING pc=0x000001d25c348ba4 sp=0x00000051b4df77e0
Event: 97.024 Thread 0x000001d278e6cc70 DEOPT UNPACKING pc=0x000001d25b9923a3 sp=0x00000051b4df7788 mode 2

Classes unloaded (1 events):
Event: 55.054 Thread 0x000001d26f53cb20 Unloading class 0x000001d2018d9800 'java/lang/invoke/LambdaForm$DMH+0x000001d2018d9800'

Classes redefined (0 events):
No events

Internal exceptions (20 events):
Event: 66.098 Thread 0x000001d278e6cc70 Exception <a 'sun/nio/fs/WindowsException'{0x0000000723a4b358}> (0x0000000723a4b358) 
thrown [s\open\src\hotspot\share\prims\jni.cpp, line 516]
Event: 66.098 Thread 0x000001d278e6cc70 Exception <a 'sun/nio/fs/WindowsException'{0x0000000723a4b658}> (0x0000000723a4b658) 
thrown [s\open\src\hotspot\share\prims\jni.cpp, line 516]
Event: 66.098 Thread 0x000001d278e6cc70 Implicit null exception at 0x000001d25c41d2f6 to 0x000001d25c41d598
Event: 66.130 Thread 0x000001d278e6cc70 Exception <a 'java/lang/NoSuchMethodError'{0x0000000723afc038}: 'java.lang.Object java.lang.invoke.DirectMethodHandle$Holder.invokeVirtual(java.lang.Object, java.lang.Object, java.lang.Object, int, int)'> (0x0000000723afc038) 
thrown [s\open\src\hotspot\share\interpreter\linkResolver.cpp, line 759]
Event: 81.237 Thread 0x000001d278e6cc70 Implicit null exception at 0x000001d25c6187a6 to 0x000001d25c619374
Event: 89.662 Thread 0x000001d278e6cc70 Exception <a 'sun/nio/fs/WindowsException'{0x000000072edd3ab8}> (0x000000072edd3ab8) 
thrown [s\open\src\hotspot\share\prims\jni.cpp, line 516]
Event: 89.662 Thread 0x000001d278e6cc70 Exception <a 'sun/nio/fs/WindowsException'{0x000000072edd3db8}> (0x000000072edd3db8) 
thrown [s\open\src\hotspot\share\prims\jni.cpp, line 516]
Event: 90.119 Thread 0x000001d278e6cc70 Exception <a 'java/lang/ClassNotFoundException'{0x000000072e268090}: org/codehaus/groovy/runtime/NullObjectBeanInfo> (0x000000072e268090) 
thrown [s\open\src\hotspot\share\classfile\systemDictionary.cpp, line 256]
Event: 90.124 Thread 0x000001d278e6cc70 Exception <a 'java/lang/ClassNotFoundException'{0x000000072e04b5b8}: org/codehaus/groovy/runtime/NullObjectCustomizer> (0x000000072e04b5b8) 
thrown [s\open\src\hotspot\share\classfile\systemDictionary.cpp, line 256]
Event: 90.143 Thread 0x000001d278e6cc70 Exception <a 'java/lang/NoSuchMethodError'{0x000000072e139948}: 'java.lang.Object java.lang.invoke.DirectMethodHandle$Holder.invokeStatic(java.lang.Object, java.lang.Object, java.lang.Object, java.lang.Object, int)'> (0x000000072e139948) 
thrown [s\open\src\hotspot\share\interpreter\linkResolver.cpp, line 759]
Event: 92.021 Thread 0x000001d278e6cc70 Exception <a 'java/lang/NoSuchMethodError'{0x000000072762a3d8}: 'java.lang.Object java.lang.invoke.DirectMethodHandle$Holder.newInvokeSpecial(java.lang.Object, java.lang.Object, int, java.lang.Object, java.lang.Object, java.lang.Object, java.lang.Object)'> (0x000000072762a3d8) 
thrown [s\open\src\hotspot\share\interpreter\linkResolver.cpp, line 759]
Event: 92.022 Thread 0x000001d278e6cc70 Exception <a 'java/lang/NoSuchMethodError'{0x0000000727633e90}: 'java.lang.Object java.lang.invoke.Invokers$Holder.linkToTargetMethod(java.lang.Object, int, java.lang.Object, java.lang.Object, java.lang.Object, java.lang.Object, java.lang.Object)'> (0x0000000727633e90) 
thrown [s\open\src\hotspot\share\interpreter\linkResolver.cpp, line 759]
Event: 92.677 Thread 0x000001d278e6cc70 Exception <a 'sun/nio/fs/WindowsException'{0x00000007273c2b20}> (0x00000007273c2b20) 
thrown [s\open\src\hotspot\share\prims\jni.cpp, line 516]
Event: 93.807 Thread 0x000001d278e6cc70 Exception <a 'sun/nio/fs/WindowsException'{0x00000007318a6410}> (0x00000007318a6410) 
thrown [s\open\src\hotspot\share\prims\jni.cpp, line 516]
Event: 93.807 Thread 0x000001d278e6cc70 Exception <a 'sun/nio/fs/WindowsException'{0x00000007318a6730}> (0x00000007318a6730) 
thrown [s\open\src\hotspot\share\prims\jni.cpp, line 516]
Event: 94.058 Thread 0x000001d278e6cc70 Exception <a 'sun/nio/fs/WindowsException'{0x0000000730831908}> (0x0000000730831908) 
thrown [s\open\src\hotspot\share\prims\jni.cpp, line 516]
Event: 94.058 Thread 0x000001d278e6cc70 Exception <a 'sun/nio/fs/WindowsException'{0x00000007308330b0}> (0x00000007308330b0) 
thrown [s\open\src\hotspot\share\prims\jni.cpp, line 516]
Event: 94.127 Thread 0x000001d278e6cc70 Implicit null exception at 0x000001d25c749756 to 0x000001d25c74ac38
Event: 95.226 Thread 0x000001d278e6cc70 Exception <a 'java/lang/NoSuchMethodError'{0x000000072d70d258}: 'int java.lang.invoke.DirectMethodHandle$Holder.invokeSpecial(java.lang.Object, java.lang.Object, java.lang.Object, java.lang.Object, java.lang.Object)'> (0x000000072d70d258) 
thrown [s\open\src\hotspot\share\interpreter\linkResolver.cpp, line 759]
Event: 95.456 Thread 0x000001d278e6cc70 Exception <a 'java/lang/NoSuchMethodError'{0x000000072d20b498}: 'java.lang.Object java.lang.invoke.DirectMethodHandle$Holder.invokeStatic(java.lang.Object, java.lang.Object, int, int)'> (0x000000072d20b498) 
thrown [s\open\src\hotspot\share\interpreter\linkResolver.cpp, line 759]

VM Operations (20 events):
Event: 94.156 Executing VM operation: Cleanup
Event: 94.156 Executing VM operation: Cleanup done
Event: 95.158 Executing VM operation: Cleanup
Event: 95.158 Executing VM operation: Cleanup done
Event: 95.456 Executing VM operation: HandshakeAllThreads
Event: 95.456 Executing VM operation: HandshakeAllThreads done
Event: 95.459 Executing VM operation: HandshakeAllThreads
Event: 95.459 Executing VM operation: HandshakeAllThreads done
Event: 95.481 Executing VM operation: ICBufferFull
Event: 95.481 Executing VM operation: ICBufferFull done
Event: 95.596 Executing VM operation: HandshakeAllThreads
Event: 95.596 Executing VM operation: HandshakeAllThreads done
Event: 95.675 Executing VM operation: HandshakeAllThreads
Event: 95.676 Executing VM operation: HandshakeAllThreads done
Event: 95.876 Executing VM operation: ICBufferFull
Event: 95.876 Executing VM operation: ICBufferFull done
Event: 96.881 Executing VM operation: Cleanup
Event: 96.882 Executing VM operation: Cleanup done
Event: 97.494 Executing VM operation: G1CollectForAllocation
Event: 97.675 Executing VM operation: G1CollectForAllocation done

Events (20 events):
Event: 95.698 Thread 0x000001d26f56aa70 flushing nmethod 0x000001d2556dad10
Event: 95.698 Thread 0x000001d26f56aa70 flushing nmethod 0x000001d2556e1610
Event: 95.698 Thread 0x000001d26f56aa70 flushing nmethod 0x000001d2556e5510
Event: 95.698 Thread 0x000001d26f56aa70 flushing nmethod 0x000001d2556e8d90
Event: 95.698 Thread 0x000001d26f56aa70 flushing nmethod 0x000001d2556f5b10
Event: 95.698 Thread 0x000001d26f56aa70 flushing nmethod 0x000001d2556fcc10
Event: 95.698 Thread 0x000001d26f56aa70 flushing nmethod 0x000001d255703d10
Event: 95.698 Thread 0x000001d26f56aa70 flushing nmethod 0x000001d25570f510
Event: 95.698 Thread 0x000001d26f56aa70 flushing nmethod 0x000001d255712690
Event: 95.698 Thread 0x000001d26f56aa70 flushing nmethod 0x000001d255715490
Event: 95.698 Thread 0x000001d26f56aa70 flushing nmethod 0x000001d255715990
Event: 95.698 Thread 0x000001d26f56aa70 flushing nmethod 0x000001d255716090
Event: 95.698 Thread 0x000001d26f56aa70 flushing nmethod 0x000001d255735c90
Event: 95.698 Thread 0x000001d26f56aa70 flushing nmethod 0x000001d25573b590
Event: 95.698 Thread 0x000001d26f56aa70 flushing nmethod 0x000001d25574b810
Event: 95.698 Thread 0x000001d26f56aa70 flushing nmethod 0x000001d25574fb90
Event: 95.698 Thread 0x000001d26f56aa70 flushing nmethod 0x000001d255785610
Event: 95.699 Thread 0x000001d26f56aa70 flushing nmethod 0x000001d2557b7510
Event: 95.699 Thread 0x000001d26f56aa70 flushing nmethod 0x000001d2557c1510
Event: 95.699 Thread 0x000001d26f56aa70 flushing nmethod 0x000001d2557c5b10


Dynamic libraries:
0x00007ff72e920000 - 0x00007ff72e930000 	C:\Program Files\Java\jdk-17\bin\java.exe
0x00007ffb75bf0000 - 0x00007ffb75de8000 	C:\Windows\SYSTEM32\ntdll.dll
0x00007ffb73c70000 - 0x00007ffb73d32000 	C:\Windows\System32\KERNEL32.DLL
0x00007ffb737a0000 - 0x00007ffb73a96000 	C:\Windows\System32\KERNELBASE.dll
0x00007ffb73280000 - 0x00007ffb73380000 	C:\Windows\System32\ucrtbase.dll
0x00007ffb66d10000 - 0x00007ffb66d29000 	C:\Program Files\Java\jdk-17\bin\jli.dll
0x00007ffb75af0000 - 0x00007ffb75ba1000 	C:\Windows\System32\ADVAPI32.dll
0x00007ffb75140000 - 0x00007ffb751de000 	C:\Windows\System32\msvcrt.dll
0x00007ffb74560000 - 0x00007ffb745ff000 	C:\Windows\System32\sechost.dll
0x00007ffb75450000 - 0x00007ffb75570000 	C:\Windows\System32\RPCRT4.dll
0x00007ffb62610000 - 0x00007ffb6262b000 	C:\Program Files\Java\jdk-17\bin\VCRUNTIME140.dll
0x00007ffb735f0000 - 0x00007ffb73617000 	C:\Windows\System32\bcrypt.dll
0x00007ffb743b0000 - 0x00007ffb74551000 	C:\Windows\System32\USER32.dll
0x00007ffb736c0000 - 0x00007ffb736e2000 	C:\Windows\System32\win32u.dll
0x00007ffb74e50000 - 0x00007ffb74e7b000 	C:\Windows\System32\GDI32.dll
0x00007ffb62630000 - 0x00007ffb628cb000 	C:\Windows\WinSxS\amd64_microsoft.windows.common-controls_6595b64144ccf1df_6.0.19041.6456_none_60b8a6cb71f64256\COMCTL32.dll
0x00007ffb73af0000 - 0x00007ffb73c09000 	C:\Windows\System32\gdi32full.dll
0x00007ffb73620000 - 0x00007ffb736bd000 	C:\Windows\System32\msvcp_win.dll
0x00007ffb6dbf0000 - 0x00007ffb6dbfa000 	C:\Windows\SYSTEM32\VERSION.dll
0x00007ffb75640000 - 0x00007ffb7566f000 	C:\Windows\System32\IMM32.DLL
0x00007ffb66d50000 - 0x00007ffb66d5c000 	C:\Program Files\Java\jdk-17\bin\vcruntime140_1.dll
0x00007ffb32560000 - 0x00007ffb325ee000 	C:\Program Files\Java\jdk-17\bin\msvcp140.dll
0x00007ffb30af0000 - 0x00007ffb316d0000 	C:\Program Files\Java\jdk-17\bin\server\jvm.dll
0x00007ffb75580000 - 0x00007ffb75588000 	C:\Windows\System32\PSAPI.DLL
0x00007ffb6aef0000 - 0x00007ffb6af17000 	C:\Windows\SYSTEM32\WINMM.dll
0x00007ffb5fae0000 - 0x00007ffb5fae9000 	C:\Windows\SYSTEM32\WSOCK32.dll
0x00007ffb75360000 - 0x00007ffb753cb000 	C:\Windows\System32\WS2_32.dll
0x00007ffb71110000 - 0x00007ffb71122000 	C:\Windows\SYSTEM32\kernel.appcore.dll
0x00007ffb63410000 - 0x00007ffb6341a000 	C:\Program Files\Java\jdk-17\bin\jimage.dll
0x00007ffb62a50000 - 0x00007ffb62c51000 	C:\Windows\SYSTEM32\DBGHELP.DLL
0x00007ffb561a0000 - 0x00007ffb561d4000 	C:\Windows\SYSTEM32\dbgcore.DLL
0x00007ffb73400000 - 0x00007ffb73482000 	C:\Windows\System32\bcryptPrimitives.dll
0x00007ffb62520000 - 0x00007ffb6252e000 	C:\Program Files\Java\jdk-17\bin\instrument.dll
0x00007ffb48da0000 - 0x00007ffb48dc5000 	C:\Program Files\Java\jdk-17\bin\java.dll
0x00007ffb32390000 - 0x00007ffb32467000 	C:\Program Files\Java\jdk-17\bin\jsvml.dll
0x00007ffb746e0000 - 0x00007ffb74e50000 	C:\Windows\System32\SHELL32.dll
0x00007ffb71310000 - 0x00007ffb71ab5000 	C:\Windows\SYSTEM32\windows.storage.dll
0x00007ffb75670000 - 0x00007ffb759c4000 	C:\Windows\System32\combase.dll
0x00007ffb72cb0000 - 0x00007ffb72cdb000 	C:\Windows\SYSTEM32\Wldp.dll
0x00007ffb73e70000 - 0x00007ffb73f3d000 	C:\Windows\System32\OLEAUT32.dll
0x00007ffb75590000 - 0x00007ffb7563d000 	C:\Windows\System32\SHCORE.dll
0x00007ffb75300000 - 0x00007ffb7535b000 	C:\Windows\System32\shlwapi.dll
0x00007ffb731b0000 - 0x00007ffb731d4000 	C:\Windows\SYSTEM32\profapi.dll
0x00007ffb503c0000 - 0x00007ffb503d8000 	C:\Program Files\Java\jdk-17\bin\zip.dll
0x00007ffb50270000 - 0x00007ffb50289000 	C:\Program Files\Java\jdk-17\bin\net.dll
0x00007ffb6d620000 - 0x00007ffb6d72a000 	C:\Windows\SYSTEM32\WINHTTP.dll
0x00007ffb729a0000 - 0x00007ffb72a0a000 	C:\Windows\system32\mswsock.dll
0x00007ffb4e330000 - 0x00007ffb4e346000 	C:\Program Files\Java\jdk-17\bin\nio.dll
0x00007ffb624e0000 - 0x00007ffb624f0000 	C:\Program Files\Java\jdk-17\bin\verify.dll
0x00007ffb62570000 - 0x00007ffb62597000 	C:\Users\YouTube\.gradle\native\c067742578af261105cb4f569cf0c3c89f3d7b1fecec35dd04571415982c5e48\windows-amd64\native-platform.dll
0x00007ffb04500000 - 0x00007ffb04644000 	C:\Users\YouTube\.gradle\native\100fb08df4bc3b14c8652ba06237920a3bd2aa13389f12d3474272988ae205f9\windows-amd64\native-platform-file-events.dll
0x00007ffb61b10000 - 0x00007ffb61b1a000 	C:\Program Files\Java\jdk-17\bin\management.dll
0x00007ffb5faa0000 - 0x00007ffb5faab000 	C:\Program Files\Java\jdk-17\bin\management_ext.dll
0x00007ffb72c00000 - 0x00007ffb72c18000 	C:\Windows\SYSTEM32\CRYPTSP.dll
0x00007ffb72250000 - 0x00007ffb72288000 	C:\Windows\system32\rsaenh.dll
0x00007ffb73130000 - 0x00007ffb7315e000 	C:\Windows\SYSTEM32\USERENV.dll
0x00007ffb72c20000 - 0x00007ffb72c2c000 	C:\Windows\SYSTEM32\CRYPTBASE.dll
0x00007ffb72680000 - 0x00007ffb726bb000 	C:\Windows\SYSTEM32\IPHLPAPI.DLL
0x00007ffb75290000 - 0x00007ffb75298000 	C:\Windows\System32\NSI.dll
0x00007ffb6dbd0000 - 0x00007ffb6dbe7000 	C:\Windows\SYSTEM32\dhcpcsvc6.DLL
0x00007ffb6dbb0000 - 0x00007ffb6dbcd000 	C:\Windows\SYSTEM32\dhcpcsvc.DLL
0x00007ffb726c0000 - 0x00007ffb7278a000 	C:\Windows\SYSTEM32\DNSAPI.dll
0x00007ffb5b440000 - 0x00007ffb5b44e000 	C:\Program Files\Java\jdk-17\bin\sunmscapi.dll
0x00007ffb73490000 - 0x00007ffb735ed000 	C:\Windows\System32\CRYPT32.dll
0x00007ffb72d20000 - 0x00007ffb72d47000 	C:\Windows\SYSTEM32\ncrypt.dll
0x00007ffb72ce0000 - 0x00007ffb72d1b000 	C:\Windows\SYSTEM32\NTASN1.dll
0x00007ffb5b380000 - 0x00007ffb5b387000 	C:\Windows\system32\wshunix.dll
0x00007ffb6c6e0000 - 0x00007ffb6c6ea000 	C:\Windows\System32\rasadhlp.dll
0x00007ffb6bb40000 - 0x00007ffb6bbc0000 	C:\Windows\System32\fwpuclnt.dll

dbghelp: loaded successfully - version: 4.0.5 - missing functions: none
symbol engine: initialized successfully - sym options: 0x614 - pdb path: .;C:\Program Files\Java\jdk-17\bin;C:\Windows\SYSTEM32;C:\Windows\WinSxS\amd64_microsoft.windows.common-controls_6595b64144ccf1df_6.0.19041.6456_none_60b8a6cb71f64256;C:\Program Files\Java\jdk-17\bin\server;C:\Users\YouTube\.gradle\native\c067742578af261105cb4f569cf0c3c89f3d7b1fecec35dd04571415982c5e48\windows-amd64;C:\Users\YouTube\.gradle\native\100fb08df4bc3b14c8652ba06237920a3bd2aa13389f12d3474272988ae205f9\windows-amd64

VM Arguments:
jvm_args: --add-opens=java.base/java.util=ALL-UNNAMED --add-opens=java.base/java.lang=ALL-UNNAMED --add-opens=java.base/java.lang.invoke=ALL-UNNAMED --add-opens=java.prefs/java.util.prefs=ALL-UNNAMED --add-opens=java.base/java.nio.charset=ALL-UNNAMED --add-opens=java.base/java.net=ALL-UNNAMED --add-opens=java.base/java.util.concurrent.atomic=ALL-UNNAMED -Xmx4G -Dfile.encoding=UTF-8 -Duser.country=RU -Duser.language=ru -Duser.variant -javaagent:C:\Users\YouTube\.gradle\wrapper\dists\gradle-8.8-bin\dl7vupf4psengwqhwktix4v1\gradle-8.8\lib\agents\gradle-instrumentation-agent-8.8.jar 
java_command: org.gradle.launcher.daemon.bootstrap.GradleDaemon 8.8
java_class_path (initial): C:\Users\YouTube\.gradle\wrapper\dists\gradle-8.8-bin\dl7vupf4psengwqhwktix4v1\gradle-8.8\lib\gradle-launcher-8.8.jar
Launcher Type: SUN_STANDARD

[Global flags]
     intx CICompilerCount                          = 3                                         {product} {ergonomic}
     uint ConcGCThreads                            = 2                                         {product} {ergonomic}
     uint G1ConcRefinementThreads                  = 6                                         {product} {ergonomic}
   size_t G1HeapRegionSize                         = 2097152                                   {product} {ergonomic}
    uintx GCDrainStackTargetSize                   = 64                                        {product} {ergonomic}
   size_t InitialHeapSize                          = 268435456                                 {product} {ergonomic}
   size_t MarkStackSize                            = 4194304                                   {product} {ergonomic}
   size_t MaxHeapSize                              = 4294967296                                {product} {command line}
   size_t MaxNewSize                               = 2575302656                                {product} {ergonomic}
   size_t MinHeapDeltaBytes                        = 2097152                                   {product} {ergonomic}
   size_t MinHeapSize                              = 8388608                                   {product} {ergonomic}
    uintx NonNMethodCodeHeapSize                   = 5832780                                {pd product} {ergonomic}
    uintx NonProfiledCodeHeapSize                  = 122912730                              {pd product} {ergonomic}
    uintx ProfiledCodeHeapSize                     = 122912730                              {pd product} {ergonomic}
    uintx ReservedCodeCacheSize                    = 251658240                              {pd product} {ergonomic}
     bool SegmentedCodeCache                       = true                                      {product} {ergonomic}
   size_t SoftMaxHeapSize                          = 4294967296                             {manageable} {ergonomic}
     bool UseCompressedClassPointers               = true                           {product lp64_product} {ergonomic}
     bool UseCompressedOops                        = true                           {product lp64_product} {ergonomic}
     bool UseG1GC                                  = true                                      {product} {ergonomic}
     bool UseLargePagesIndividualAllocation        = false                                  {pd product} {ergonomic}

Logging:
Log output configuration:
 #0: stdout all=warning uptime,level,tags
 #1: stderr all=off uptime,level,tags

Environment Variables:
JAVA_HOME=C:\Program Files\Java\jdk-21.0.10
PATH=C:\Program Files\Eclipse Adoptium\jdk-25.0.2.10-hotspot\bin;C:\Program Files\Common Files\Oracle\Java\javapath;C:\Program Files (x86)\Common Files\Oracle\Java\java8path;C:\Program Files (x86)\Common Files\Oracle\Java\javapath;C:\Windows\system32;C:\Windows;C:\Windows\System32\Wbem;C:\Windows\System32\WindowsPowerShell\v1.0\;C:\Windows\System32\OpenSSH\;C:\Program Files (x86)\NVIDIA Corporation\PhysX\Common;C:\Program Files\Java\jdk-21.0.10\bin;C:\Program Files\nodejs\;C:\Program Files\Git\cmd;C:\ffmpeg\bin;C:\Program Files\dotnet\;C:\Users\YouTube\AppData\Local\Programs\Python\Launcher\;C:\Users\YouTube\AppData\Local\Microsoft\WindowsApps;C:\Users\YouTube\AppData\Local\Programs\Python\Python314\Scripts;C:\Users\YouTube\AppData\Local\Programs\Microsoft VS Code\bin;C:\Users\YouTube\AppData\Roaming\npm;C:\Users\YouTube\AppData\Local\Programs\Ollama;C:\Users\YouTube\Desktop\Новая папка (17)\WPS Office\12.1.0.27458\clitool;C:\Users\YouTube\AppData\Local\GitHubDesktop\bin;C:\Users\YouTube\AppData\Local\Microsoft\WinGet\Packages\Gyan.FFmpeg_Microsoft.Winget.Source_8wekyb3d8bbwe\ffmpeg-9.0-full_build\bin;C:\Users\YouTube\.dotnet\tools;C:\Program Files\JetBrains\IntelliJ IDEA 2026.2.1\bin
USERNAME=YouTube
OS=Windows_NT
PROCESSOR_IDENTIFIER=AMD64 Family 21 Model 1 Stepping 2, AuthenticAMD



---------------  S Y S T E M  ---------------

OS:
 Windows 10 , 64 bit Build 19041 (10.0.19041.5915)
OS uptime: 0 days 3:15 hours

CPU: total 6 (initial active 6) (6 cores per cpu, 1 threads per core) family 21 model 1 stepping 2 microcode 0x0, cx8, cmov, fxsr, mmx, 3dnowpref, sse, sse2, sse3, ssse3, sse4a, sse4.1, sse4.2, popcnt, lzcnt, tsc, tscinvbit, avx, aes, clmul, vzeroupper, clflush

Memory: 4k page, system-wide physical 16366M (5988M free)
TotalPageFile size 21742M (AvailPageFile size 6967M)
current process WorkingSet (physical memory assigned to process): 1239M, peak: 1245M
current process commit charge ("private bytes"): 1275M, peak: 1811M

vm_info: Java HotSpot(TM) 64-Bit Server VM (17.0.12+8-LTS-286) for windows-amd64 JRE (17.0.12+8-LTS-286), built on Jun  5 2024 06:46:59 by "mach5one" with MS VC++ 17.6 (VS2022)

END.
